name,category
Abrade,Burn|Burn creature|Cycle|Cycle hou modal spell|Removal|Removal artifact|Removal burn|Removal creature|Removal destroy|Single target instant/sorcery|Spot removal
Absolute Virtue,Damage prevention|Evasion|Gives evasion|Gives protection|Hate|Hate aura|Hate counterspell|Hate target|Pillowfort|Unique protection
Academy Ruins,Cycle|Cycle colorless land|Cycle land|Cycle restock legendary land|Library manipulation|Recursion|Recursion artifact|Restock artifact|Restock to top|Synergy artifact|Top deck manipulation
Accursed Duneyard,Protects creature|Regenerates other|Typal creature|Typal shade|Typal skeleton|Typal specter|Typal spirit|Typal vampire|Typal wraith|Typal zombie
Ace's Baseball Bat,Alternate equip cost|Combat manipulation|Force blocker|Hate typal dalek|Lure limited|Namesake spell|Synergy attacker|Synergy legendary
Acidic Soil,Burn|Burn player|Burn player each|Group slug|Usg storyline in cards
Ad Nauseam,Burst draw|Card advantage|Draw|Hand positive|Life for cards|Life payment
"Adagia, Windswept Bastion",Copy|Copy artifact|Copy enchantment|Cycle|Cycle eoe planet|Cycle land|Cycle mono land|Power matters|Tap fuel creature|Tap outlet
Adaptive Automaton,Anthem|Power boost to all|Typal choose|Typal creature
Adarkar Wastes,Cycle|Cycle dual land|Cycle ice painland|Cycle land|Cycle painland|Dual land|Life payment|Mana ability with extra effect
Adventurer's Inn,Lifegain|Triggered ability
Aether Sting,Burn|Burn player|Cast trigger|Cast trigger other|Triggered ability
Aetherflux Reservoir,Burn|Burn any|Burn battle|Burn creature|Burn planeswalker|Burn player|Cast trigger|Cast trigger you|Life payment|Lifegain|Lifegain matters|Removal|Removal burn|Removal creature|Removal planeswalker|Repeatable crime|Repeatable removal|Storm count matters|Storm like|Triggered ability
Aettir and Priwen,Lifegain matters
Agadeem's Awakening,Cycle|Cycle land|Cycle mono land|Cycle znr boltland|Life payment|Multiple targets|Reanimate|Reanimate creature|Recursion|Recursion creature|Single target instant/sorcery
Agate Instigator,Burn|Burn player|Copy|Copy self|Creates token of a card|Creaturefall|Group slug|Multiple bodies|Pinger|Triggered ability
Agility,Hate|Hate blocker|Triggered ability
Aid the Fallen,Card advantage|Hand neutral|Hand positive|Multiple targets|Recursion|Recursion creature|Recursion planeswalker|Regrowth creature|Regrowth planeswalker|Single target instant/sorcery
Akki War Paint,
Akoum Hellkite,Burn|Burn any|Burn battle|Burn creature|Burn planeswalker|Burn player|Cycle|Cycle bfz color landfall|Evasion|Landfall|Lands matter|Mountainfall|Pinger|Removal|Removal burn|Removal creature|Removal planeswalker|Repeatable crime|Repeatable removal|Self replacement effect|Synergy mountain|Thingfall|Triggered ability
Akoum Refuge,Cycle|Cycle dual land|Cycle land|Cycle zen refugeland|Dual land|Lifegain|Triggered ability
Akoum Warrior,Cycle|Cycle land|Cycle mono land|Cycle znr u mdfc creature
Akroma's Will,Combat trick|Cycle|Cycle cmr will|Gives evasion|Gives flying|Gives indestructible|Gives lifelink|Gives protection|Hate color every|Lifegain|Namesake spell|Protects creature|Synergy commander
Alchemist's Talent,Burn|Burn player|Cast trigger|Cast trigger you|Cycle|Cycle blc talent|Mana spent matters|Mana value matters|Ramp|Synergy treasure|Triggered ability
"Alexios, Deimos of Kosmos",Defector|Gains haste|Namesake spell|Prevent sacrifice|Triggered ability
All Will Be One,Burn|Burn creature|Burn planeswalker|Burn player|Burn with set's mechanic|Counters matter|Removal|Removal burn|Removal creature|Removal planeswalker|Repeatable crime|Repeatable removal|Spot removal|Triggered ability
All-Out Assault,Anthem|Attack trigger|Cycle|Cycle tdm m clan spell|Delayed triggered ability|Extra combat phase|Extra untap|Power boost to all|Synergy attacker|Triggered ability|Untapper|Untapper creature
Alley Assailant,Drain life|Face up face down effects|Inverted effects|Lifegain|Opponent loses life|Triggered ability|Turn face up trigger self
Alluring Suitor,Attack trigger|Mana sink|Non mana ability mana|Ramp|Synergy attacker|Triggered ability
Alpine Meadow,Cycle|Cycle dual land|Cycle khm snow tapland|Cycle land|Dual land|Nonbasic basic land type
Amalia Benavides Aguirre,Cycle|Cycle lci r two color|Library manipulation|Lifegain matters|Mill|Mill self|Peek|Peek library|Power matters|Power matters self|Pridemate|Removal|Removal creature|Removal destroy|Specific power matters|Surveil|Sweeper|Top deck manipulation|Triggered ability
Ambition's Cost,Burst draw|Card advantage|Draw|Hand positive|Life for cards|Life payment|Pure draw
Ambitious Assault,Cantrip|Card advantage|Counters matter|Draw|Hand neutral|Power boost to all|Pure draw|Synergy aura|Synergy equipment|Synergy modified
An Offer You Can't Refuse,Counterspell|Counterspell noncreature|Mob name|Single target instant/sorcery
"Anax, Hardened in the Forge",Cda power|Characteristic defining ability|Cycle|Cycle thb demigod|Death trigger|Leaves battlefield trigger|Power matters|Repeatable creature tokens|Repeatable token generator|Self replacement effect|Synergy red|Triggered ability
Ancestors' Aid,Combat trick|Single target instant/sorcery
Ancestral Anger,Cantrip|Card advantage|Cards in graveyard matter|Draw|Gives trample|Hand neutral|Pure draw|Scales with multiple|Single target instant/sorcery
Ancient Brass Dragon,Cycle|Cycle clb ancient dragon|Evasion|Multiple targets|Reanimate|Reanimate creature|Reanimate from any|Reanimate from opponent|Recursion|Recursion creature|Roll d20|Theft|Triggered ability
Ancient Gold Dragon,Cycle|Cycle clb ancient dragon|Evasion|Repeatable creature tokens|Repeatable token generator|Roll d20|Triggered ability
Ancient Runes,Burn|Burn player|Burn player each|Group slug|Hate|Hate artifact|Tmp storyline in cards|Triggered ability
Ancient Silver Dragon,Burst draw|Card advantage|Curiosity|Curiosity like|Cycle|Cycle clb ancient dragon|Draw|Emblem lite|Evasion|Hand positive|Hand size increase|Indefinite effect|Pure draw|Repeatable draw|Roll d20|Triggered ability
Ancient Tomb,Life payment|Mana ability with extra effect|Ramp
Ancient Ziggurat,
And They Shall Know No Fear,Combat trick|Gives indestructible|Power boost to all|Protects creature|Typal choose|Typal creature
Angel of the Ruins,Disenchant/naturalize|Evasion|Multi removal|Multiple targets|Removal|Removal artifact|Removal enchantment|Removal exile|Spot removal|Triggered ability|Tutor|Tutor land|Tutor land plains|Tutor to|Tutor to hand
Angel's Grace,Cycle|Cycle tsp r split second|Damage prevention|Damage prevention you|Hate|Hate counterspell|Platinum angel effect|Prevents win/loss|Pseudo fog|Worship
Angelic Purge,Removal|Removal artifact|Removal creature|Removal enchantment|Removal exile|Sacrifice outlet|Sacrifice outlet permanent|Single target instant/sorcery|Spot removal
Anger,Cycle|Cycle jud incarnation|Gives haste|Static effect in graveyard|Synergy mountain
Anger of the Gods,Burn|Burn creature|Removal|Removal burn|Removal creature|Sweeper
Angrath's Marauders,Damage multiplier|Namesake spell
Anguished Unmaking,Cycle|Cycle soi r two color|Life payment|Removal|Removal artifact|Removal aura|Removal battle|Removal creature|Removal enchantment|Removal equipment|Removal exile|Removal nonland|Removal planeswalker|Removal spacecraft|Removal vehicle|Single target instant/sorcery|Spot removal
Animate Dead,Delayed triggered ability|Enchant change|Reanimate|Reanimate creature|Reanimate from any|Reanimate from opponent|Recursion|Recursion creature|Theft|Triggered ability
Anje's Ravager,Attack trigger|Burst draw|Card advantage|Castable from exile|Castable from nonhand|Cycle|Cycle c19 signature spell|Delayed triggered ability|Discard hand|Draw|Exile self|Miniwheel|Namesake spell|Synergy attacker self|Triggered ability|Unexile|Wheel
"Anje, Maid of Dishonor",Card advantage|Cycle|Cycle vow r two color legend|Discard outlet|Drain life|Draw|Group slug|Inverted effects|Lifegain|Opponent loses life|Repeatable artifact tokens|Repeatable blood|Repeatable noncreature tokens|Repeatable token generator|Sacrifice outlet|Sacrifice outlet creature|Synergy blood|Triggered ability|Typal creature|Typal vampire
Ankh of Mishra,Burn|Burn player|Hate|Hate ramp|Landfall|Landfall other|Lands matter|Namesake spell|Triggered ability
Anointed Procession,Synergy token|Token doubler|Token increaser
"Anowon, the Ruin Sage",Abyss|Hate|Hate typal|Hate typal non vampire|Mutual sacrifice|Removal|Removal creature|Removal sacrifice|Repeatable removal|Sacrifice outlet|Sacrifice outlet creature|Spot removal|Triggered ability|Typal creature|Typal vampire
Antagonize,Combat trick|Single target instant/sorcery
"Anti-Venom, Horrifying Healer",Damage prevention self|Reanimate|Reanimate creature|Recursion|Recursion creature|Triggered ability|Vigor effect
Anvil of Bogardan,Card advantage|Discard|Discard outlet|Draw|Group hug|Hand neutral|Hand size increase|Loot|Triggered ability
Apex of Power,Card advantage|Cycle|Cycle m19 bolas reign|Gives castable from exile|Gives castable from nonhand|Impulsive draw|Ramp|Ritual
Arc Lightning,Burn|Burn any|Burn battle|Burn creature|Burn planeswalker|Burn player|Multi removal|Multiple targets|Removal|Removal burn|Removal creature|Removal planeswalker|Single target instant/sorcery
Arc Trail,Burn|Burn any|Burn battle|Burn creature|Burn planeswalker|Burn player|Multi removal|Multiple targets|Removal|Removal burn|Removal creature|Removal planeswalker
Arcane Bombardment,Cast trigger|Cast trigger you|Free cast another|Gives castable from exile|Gives castable from nonhand|Recursion|Synergy instant|Synergy sorcery|Triggered ability
Arcane Denial,Card advantage|Counterspell|Counterspell with set mechanic|Delayed triggered ability|Draw|Hand neutral|Interrupt|Pure draw|Single target instant/sorcery|Triggered ability
Arcane Encyclopedia,Card advantage|Draw|Hand positive|Pure draw|Repeatable draw
Arcane Lighthouse,
Arcane Sanctum,Cycle|Cycle ala shardland|Cycle land|Cycle triland|Cycle triple tapland|Shardland|Triland
Arcane Signet,Commander identity matters|Commander matters|Mana producer|Mana rock|Ramp|Synergy commander
Arcane Teachings,Burn|Burn any|Burn battle|Burn creature|Burn planeswalker|Burn player|Pinger|Removal|Removal burn|Removal creature|Removal planeswalker|Repeatable crime|Repeatable removal
Arcbond,Burn|Burn creature|Burn player|Burn player each|Delayed triggered ability|Group slug|Removal|Removal burn|Removal creature|Single target instant/sorcery|Sweeper|Triggered ability
Archenemy's Charm,Card advantage|Combat trick|Cycle|Cycle arch charm|Gives lifelink|Hand positive|Lifegain|Multiple targets|Recursion|Recursion creature|Recursion planeswalker|Regrowth creature|Regrowth planeswalker|Removal|Removal creature|Removal exile|Removal planeswalker|Single target instant/sorcery|Spot removal
Archetype of Aggression,Cycle|Cycle bng archetype|Gives trample|Inverted effects|Removes trample
Archfiend of Depravity,Evasion|Removal|Removal creature|Removal sacrifice|Repeatable removal|Sweeper|Sweeper one sided|Triggered ability
Archfiend of Ifnir,Card advantage|Discard matters|Draw|Evasion|Hand neutral|Pure draw|Removal|Removal creature|Removal toughness|Sweeper|Sweeper one sided|Synergy cycling|Triggered ability
Archon of Cruelty,Attack trigger|Cantrip|Card advantage|Discard|Drain life|Draw|Evasion|Hand positive|Inverted effects|Lifegain|Opponent loses life|Pure draw|Removal|Removal creature|Removal planeswalker|Removal sacrifice|Repeatable crime|Repeatable draw|Repeatable removal|Spot removal|Synergy attacker self|Triggered ability
Archpriest of Shadows,Reanimate|Reanimate creature|Recursion|Recursion creature|Synergy battle|Triggered ability
Archway Commons,Rupture spire|Triggered ability
Arena of Glory,Buff mana|Cycle|Cycle land|Cycle mh3 r mono land|Cycle mono land|Gives haste|Synergy mountain
Argent Dais,Attack trigger|Card advantage|Counter fuel aesthetic|Counter fuel oil|Counters matter|Draw|Hate|Hate attacker|Pure draw|Removal|Removal artifact|Removal aura|Removal battle|Removal creature|Removal enchantment|Removal equipment|Removal exile|Removal nonland|Removal planeswalker|Removal spacecraft|Removal vehicle|Repeatable crime|Repeatable draw|Repeatable removal|Spot removal|Synergy attacker|Synergy attacker any|Triggered ability
Aria of Flame,Burn|Burn planeswalker|Burn player|Cast trigger|Cast trigger you|Counters matter|Opponent lifegain|Removal|Removal burn|Removal planeswalker|Repeatable removal|Storm like|Synergy instant|Synergy sorcery|Triggered ability
Arid Archway,Bounce|Bounceland|Library manipulation|Mill|Mill self|Peek|Peek library|Rescue land|Surveil|Synergy desert|Top deck manipulation|Triggered ability
Arid Mesa,Cycle|Cycle land|Cycle nonmana land|Cycle zen fetchland|Fetchland|Life payment|Manaless land|Sacrifice self|Tutor|Tutor land|Tutor land mountain|Tutor land plains|Tutor land to battlefield|Tutor to|Tutor to battlefield
Armillary Sphere,Egg|Sacrifice self|Tutor|Tutor land|Tutor land basic|Tutor to|Tutor to hand
Artist's Talent,Card advantage|Cast trigger|Cast trigger you|Cost reducer|Cost reducer noncreature|Cycle|Cycle blb r talent|Damage increaser|Discard outlet|Draw|Hand neutral|Synergy burn|Synergy noncreature|Triggered ability
Ash Barrens,Tutor|Tutor land|Tutor land basic|Tutor to|Tutor to hand
Ashen Rider,Death trigger|Death trigger self|Evasion|Leaves battlefield trigger|Life and death trigger self|Removal|Removal artifact|Removal aura|Removal battle|Removal creature|Removal enchantment|Removal equipment|Removal exile|Removal land|Removal permanent|Removal planeswalker|Removal spacecraft|Removal vehicle|Repeatable crime|Repeatable removal|Spot removal|Triggered ability
Ashling the Pilgrim,Burn|Burn creature|Burn player|Burn player each|Counter fuel pp|Counters matter|Cycle|Cycle lrw legend|Group slug|Removal|Removal burn|Removal creature|Repeatable removal|Sweeper
"Ashling, Flame Dancer",Burn|Burn creature|Burn player|Card advantage|Cast trigger|Cast trigger you|Discard outlet|Draw|Group slug|Hand neutral|Magecraft|Mana producer|Mana storage|Non mana ability mana|Ramp|Removal|Removal burn|Removal creature|Repeatable removal|Sweeper|Sweeper one sided|Synergy copy|Synergy instant|Synergy sorcery|Triggered ability
Ashnod's Altar,Free sacrifice outlet|Mana producer|Mana rock|Namesake spell|Ramp|Sacrifice outlet|Sacrifice outlet creature
Astarion's Thirst,Aikido|Combat trick|Cycle|Cycle clb legend spell|Hate|Hate high pt|Namesake spell|Power matters|Removal|Removal creature|Removal exile|Single target instant/sorcery|Spot removal|Synergy commander
"Astarion, the Decadent",Cycle|Cycle clb r two color legend|Damage multiplier|Dnd character|Life loss matters|Lifegain|Lifegain matters|Opponent loses life|Repeatable crime|Triggered ability
Astral Dragon,Copy|Copy noncreature|Evasion|Gives evasion|Gives flying|Multiple bodies|Triggered ability
Asylum Visitor,Card advantage|Castable from exile|Castable from nonhand|Delayed triggered ability|Draw|Exile self|Hand positive|Hand size hate|Hand size matters|Hate|Hellbent|Life for cards|Life payment|Pure draw|Repeatable draw|Triggered ability|Unexile
"Athreos, God of Passage",Card advantage|Cycle|Cycle block ths minor god|Cycle jou minor god|Death trigger|Indestructible god|Leaves battlefield trigger|Opponent loses life|Punisher|Recursion|Recursion creature|Regrowth creature|Repeatable crime|Synergy black|Synergy white|Triggered ability
Atraxa's Skitterfang,Counter fuel aesthetic|Counter fuel oil|Counters matter|Gives evasion|Gives flying|Gives lifelink|Lifegain|Namesake spell|Triggered ability
Austere Command,Command|Cycle|Cycle lrw command|Mana value matters|Removal|Removal artifact|Removal creature|Removal destroy|Removal enchantment|Sweeper|Sweeper one sided
Authority of the Consuls,Creaturefall|Kismet effect|Lifegain|Soul warden ability|Tapper|Tapper creature|Thingfall|Triggered ability
Auton Soldier,Attack trigger|Clone|Copy|Copy creature|Copy legendary|Copy self|Delayed triggered ability|Gains myriad|Multiplayer|Synergy attacker self|Triggered ability
Avacyn's Judgment,Burn|Burn any|Burn battle|Burn creature|Burn planeswalker|Burn player|Castable from exile|Castable from nonhand|Cycle|Cycle soi x madness sorcery|Delayed triggered ability|Exile self|Multi removal|Multiple targets|Namesake spell|Removal|Removal burn|Removal creature|Removal planeswalker|Self replacement effect|Single target instant/sorcery|Triggered ability|Unexile
"Avacyn, Angel of Hope",Cycle|Cycle avr legend angel|Cycle cmm m mono legend|Cycle innistrad legend angel|Evasion|Gives indestructible|Protects artifact|Protects creature|Protects enchantment|Protects land|Protects permanent|Protects planeswalker
Avalanche of Sector 7,Burn|Burn player|Cda power|Characteristic defining ability|Evasion|Hate|Hate activation|Hate artifact|Triggered ability
Avaricious Dragon,Card advantage|Discard outlet|Draw|Evasion|Grafted skullcap|Pure draw|Repeatable draw|Triggered ability
Aven Mindcensor,Evasion|Hate|Hate tutor|Hatebird|Tutor interaction
Azor's Gateway,Card advantage|Draw|Hand neutral|Lifegain|Lifegain matters|Mana value matters|Namesake spell|Pure draw|Ramp
Azorius Signet,Cycle|Cycle rav signet|Mana filter|Mana producer|Mana rock|Ramp
Backdraft Hellkite,Attack trigger|Evasion|Gives castable from graveyard|Gives castable from nonhand|Gives flashback|Recursion|Recursion instant|Recursion sorcery|Synergy attacker self|Synergy instant|Synergy sorcery|Triggered ability
Badlands,Cycle|Cycle abu dual land|Cycle dual land|Cycle land|Dual land|Nonbasic basic land type
Balduvian Rage,Card advantage|Combat trick|Delayed triggered ability|Draw|Hand neutral|Pure draw|Single target instant/sorcery|Synergy attacker|Triggered ability
Baleful Force,Card advantage|Cycle|Cycle force elemental|Draw|Hand positive|Life for cards|Life payment|Pure draw|Repeatable draw|Triggered ability
Ball Lightning,Triggered ability
Balustrade Spy,Evasion|Grind|Mill|Mill any|Mill opponent|Mill self|Triggered ability
Banefire,Burn|Burn any|Burn battle|Burn creature|Burn planeswalker|Burn player|Hate|Hate counterspell|Removal|Removal burn|Removal creature|Removal planeswalker|Single target instant/sorcery|Unpreventable damage
Banner of Kinship,Anthem|Creature count matters|Power boost to all|Typal choose|Typal creature
Barad-dûr,Cycle|Cycle land|Cycle ltr legendary land|Cycle mono land|Mana sink|Morbid|Synergy legendary|Typal army|Typal creature
Barbarian Ring,Bombard self|Burn|Burn any|Burn battle|Burn creature|Burn planeswalker|Burn player|Cards in graveyard matter|Cycle|Cycle land|Cycle mono land|Cycle ody threshold painland|Life payment|Mana ability with extra effect|Removal|Removal burn|Removal creature|Removal planeswalker|Sacrifice self
Barbed Field,Burn|Burn any|Burn battle|Burn creature|Burn planeswalker|Burn player|Cycle|Cycle pcy field aura|Pinger|Removal|Removal burn|Removal creature|Removal planeswalker|Repeatable crime|Repeatable removal
Barbflare Gremlin,Burn|Burn player|Mana increaser|Ramp|Synergy tapped|Triggered ability
Baron Bertram Graywater,Card advantage|Cycle|Cycle otj draft signpost|Cycle otj u legend|Draft signpost|Draw|Hand positive|Plunder|Repeatable creature tokens|Repeatable draw|Repeatable token generator|Sacrifice outlet|Sacrifice outlet artifact|Sacrifice outlet creature|Synergy artifact|Synergy token|Thingfall|Tokenfall|Triggered ability
Barrensteppe Siege,Cycle|Cycle tdm siege|Gives pp counters to all|Morbid|Multi removal|Power boost to all|Removal|Removal creature|Removal sacrifice|Repeatable removal|Spot removal|Triggered ability
Bartolomé del Presidio,Cycle lci draft signpost|Draft signpost|Free sacrifice outlet|Sacrifice outlet|Sacrifice outlet artifact|Sacrifice outlet creature|Synergy artifact
Basilisk Collar,Gives lifelink|Lifegain
Bastion of Remembrance,Blood artist ability|Death trigger|Drain life|Group slug|Inverted effects|Leaves battlefield trigger|Lifegain|Opponent loses life|Triggered ability
Batterbone,Gives lifelink|Lifegain|Triggered ability
Battle Hymn,Creature count matters|Ramp|Ritual
Battle Plan,Cycle|Cycle mh2 basic landcycler|Triggered ability|Tutor|Tutor land|Tutor land basic|Tutor to|Tutor to hand
Battle Strain,Burn|Burn player|Hate|Hate blocker|Triggered ability
Battlefield Forge,Cycle|Cycle apc painland|Cycle dual land|Cycle land|Cycle painland|Dual land|Life payment|Mana ability with extra effect
Batwing Brume,Aikido|Cycle|Cycle eve hybrid modal|Cycle hybrid modal|Damage prevention|Fog|Hate|Hate attacker|Mana spent matters|Opponent loses life
Beamtown Beatstick,Combat ramp|Gives evasion|Ramp|Repeatable artifact tokens|Repeatable noncreature tokens|Repeatable token generator|Repeatable treasures|Synergy battle|Triggered ability
Bedevil,Removal|Removal artifact|Removal creature|Removal destroy|Removal planeswalker|Single target instant/sorcery|Spot removal
Belligerent Guest,Card advantage|Discard outlet|Draw|Repeatable artifact tokens|Repeatable blood|Repeatable noncreature tokens|Repeatable token generator|Triggered ability
"Bennie Bracks, Zoologist",Card advantage|Convoke|Discount self|Draw|Hand positive|Pure draw|Repeatable draw|Synergy color share|Synergy token|Synergy white|Tap fuel creature|Tap outlet|Triggered ability
Beseech the Mirror,Free cast another|Gives castable from exile|Gives castable from nonhand|Sacrifice outlet|Sacrifice outlet artifact|Sacrifice outlet enchantment|Sacrifice outlet token|Synergy artifact|Synergy token|Tutor|Tutor card|Tutor cast|Tutor to|Tutor to exile|Tutor to hand
Beseech the Queen,Cycle|Cycle shm twobrid spell|Hybrid mana|Lands matter|Tutor|Tutor card|Tutor mv|Tutor to|Tutor to hand
Big Score,Card advantage|Discard outlet|Draw|Hand neutral|Pillage effect|Ramp
"Birgi, God of Storytelling",Card advantage|Cast trigger|Cast trigger you|Cycle|Cycle khm r god|Discard outlet|Gives castable from exile|Gives castable from nonhand|Impulsive draw|Mana producer|Non mana ability mana|Ramp|Repeatable impulsive draw|Synergy boast|Triggered ability
Bishop of Binding,Aikido|Attack trigger|Banish|Hate|Hate high pt|Removal|Removal creature|Removal exile|Spot removal|Synergy attacker self|Triggered ability|Typal creature|Typal vampire
Bishop of Rebirth,Attack trigger|Mana value matters|Reanimate|Reanimate creature|Recursion|Recursion creature|Synergy attacker self|Triggered ability
Bishop of the Bloodstained,Opponent loses life|Triggered ability|Typal creature|Typal vampire
Bitter Feud,Damage multiplier|Multiplayer
Bitter Triumph,Discard outlet|Life payment|Removal|Removal creature|Removal destroy|Removal planeswalker|Single target instant/sorcery|Spot removal
Black Dragon Gate,Color choose land|Cycle|Cycle clb thriving gate
Black Market,Counters matter|Death trigger|Leaves battlefield trigger|Non mana ability mana|Ramp|Triggered ability
Black Market Connections,Card advantage|Deal with the devil|Draw|Hand positive|Life for cards|Life payment|Pure draw|Ramp|Repeatable artifact tokens|Repeatable creature tokens|Repeatable draw|Repeatable noncreature tokens|Repeatable token generator|Repeatable treasures|Triggered ability
Blackblade Reforged,Alternate equip cost|Lands matter|Maro sorcerer|Synergy legendary
Blackcleave Cliffs,Cycle|Cycle dual land|Cycle fastland|Cycle land|Cycle som fastland|Dual land
Blade of the Bloodchief,Death trigger|Leaves battlefield trigger|Self replacement effect|Triggered ability|Typal creature|Typal vampire
Blasphemous Act,Burn|Burn creature|Creature count matters|Discount self|Hate|Hate wide|Removal|Removal burn|Removal creature|Sweeper
Blasphemous Edict,Creature count matters|Hate|Hate wide|Multi removal|Removal|Removal creature|Removal sacrifice|Sweeper
Blast Zone,Counters matter|Mana sink|Mana value matters|Removal|Removal artifact|Removal aura|Removal battle|Removal creature|Removal destroy|Removal enchantment|Removal equipment|Removal nonland|Removal planeswalker|Removal spacecraft|Removal vehicle|Sacrifice self|Sweeper
Blaze,Burn|Burn any|Burn battle|Burn creature|Burn planeswalker|Burn player|Removal|Removal burn|Removal creature|Removal planeswalker|Single target instant/sorcery
Blazemire Verge,Cycle|Cycle dsk verge|Cycle dual land|Cycle land|Cycle verge|Dual land|Synergy mountain|Synergy swamp
Blazing Archon,Evasion|Pillowfort|Prevent attack
Blazing Crescendo,Card advantage|Combat trick|Gives castable from exile|Gives castable from nonhand|Impulsive draw|Single target instant/sorcery
Blazing Shoal,Combat trick|Cycle|Cycle bok shoal|Mana value matters|Manaless value|Single target instant/sorcery|Synergy red
Blazing Sunsteel,Burn|Burn any|Burn battle|Burn creature|Burn planeswalker|Burn player|Group slug|Multiplayer|Removal|Removal burn|Removal creature|Removal planeswalker|Repeatable removal|Triggered ability
Bleachbone Verge,Cycle|Cycle dft verge|Cycle dual land|Cycle land|Cycle verge|Dual land|Synergy plains|Synergy swamp
Bleed Dry,Removal|Removal creature|Removal exile|Removal toughness|Single target instant/sorcery|Spot removal
Bleeding Effect,Borrow ability|Cards in graveyard matter|Gives evasion|Gives flying|Gives hexproof|Gives indestructible|Gives lifelink|Gives trample|Keyword soup|Lifegain|Protects creature|Synergy deathtouch|Synergy double strike|Synergy first strike|Synergy flying|Synergy hexproof|Synergy indestructible|Synergy lifelink|Synergy menace|Synergy reach|Synergy trample|Synergy vigilance|Triggered ability
Blighted Steppe,Creature count matters|Cycle|Cycle bfz blighted land|Cycle colorless land|Cycle land|Lifegain|Sacrifice self
Blightstep Pathway,Cycle|Cycle dual land|Cycle khm pathway|Cycle land|Cycle pathway|Dual land
Blind Obedience,Cast trigger|Cast trigger you|Drain life|Hate|Hate artifact|Inverted effects|Kismet effect|Lifegain|Opponent loses life|Tapper|Tapper artifact|Tapper creature|Triggered ability
Blisterspit Gremlin,Burn|Burn player|Cast trigger|Cast trigger you|Group slug|Pinger|Synergy noncreature|Triggered ability
Blood Artist,Blood artist ability|Death trigger|Drain life|Inverted effects|Leaves battlefield trigger|Lifegain|Opponent loses life|Triggered ability
Blood Baron of Vizkopa,Cycle|Cycle dgm m two color|Cycle ima r two color|Evasion|Hate|Hate black|Hate color|Hate white|Life total matters self|Lifegain|Lifegain matters
Blood Burglar,Gains lifelink|Lifegain
Blood Crypt,Cycle|Cycle dual land|Cycle land|Cycle rav shockland|Dual land|Life payment|Nonbasic basic land type|Shockland
Blood Moon,Blood moon effect|Hate|Hate nonbasic land|Mass land denial
Blood Petal Celebrant,Card advantage|Death trigger|Death trigger self|Discard outlet|Draw|Leaves battlefield trigger|Synergy attacker self|Triggered ability
Blood Seeker,Creaturefall|Opponent loses life|Thingfall|Triggered ability
Blood Tribute,Drain life|Inverted effects|Life divider|Lifegain|Opponent loses life|Single target instant/sorcery|Tap fuel creature|Tap outlet|Typal creature|Typal vampire
Bloodchief Ascension,Counters matter|Cycle|Cycle zen ascension|Discard matters|Drain life|Inverted effects|Life loss matters|Lifegain|Opponent discard matters|Opponent loses life|Synergy mill|Triggered ability
Bloodcrazed Paladin,Morbid
Bloodcrazed Socialite,Attack trigger|Card advantage|Discard outlet|Draw|Evasion|Synergy attacker self|Synergy blood|Triggered ability
Bloodfell Caves,Cycle|Cycle dual land|Cycle ktk gainland|Cycle land|Dual land|Lifegain|Triggered ability
Bloodflow Connoisseur,Free sacrifice outlet|Sacrifice outlet|Sacrifice outlet creature
Bloodghast,Gains haste|Landfall|Lands matter|Manaless value|Reanimate|Reanimate self|Recursion|Recursion self|Thingfall|Trigger from graveyard|Triggered ability
Bloodletter of Aclazotz,Damage multiplier|Evasion|Life loss matters|Namesake spell
Bloodline Keeper,Anthem|Evasion|Power boost to all|Repeatable creature tokens|Repeatable token generator|Transform improvement|Typal creature|Typal vampire
Bloodline Necromancer,Lifegain|Reanimate|Reanimate creature|Recursion|Recursion creature|Triggered ability|Typal creature|Typal vampire|Typal wizard
Bloodline Pretender,Cda subtype|Changeling|Characteristic defining ability|Creaturefall|Thingfall|Triggered ability|Typal choose|Typal creature
Bloodlord of Vaasgoth,Cast trigger|Cast trigger you|Evasion|Triggered ability|Typal creature|Typal vampire
Bloodmad Vampire,Castable from exile|Castable from nonhand|Delayed triggered ability|Exile self|Slith ability|Triggered ability|Unexile
Bloodsoaked Insight,Cycle|Cycle dual land|Cycle land|Cycle mh3 draft signpost|Cycle mh3 mdfc dual land|Discount self|Draft signpost|Dual land|Gives castable from exile|Gives castable from nonhand|Hybrid mana|Life loss matters|Mill|Mill exile|Mill opponent|Single target instant/sorcery|Theft|Theft cast
Bloodstained Mire,Cycle|Cycle land|Cycle nonmana land|Cycle ons fetchland|Fetchland|Life payment|Manaless land|Sacrifice self|Tutor|Tutor land|Tutor land mountain|Tutor land swamp|Tutor land to battlefield|Tutor to|Tutor to battlefield
Bloodsworn Steward,Evasion|Gives haste|Synergy commander
Bloodthirsty Adversary,Copy|Copy instant|Copy sorcery|Cycle|Cycle mid adversary|Free cast another|Gives castable from exile|Gives castable from nonhand|Recursion|Triggered ability
Bloodthirsty Aerialist,Evasion|Lifegain matters|Pridemate|Triggered ability
Bloodthirsty Conqueror,Evasion|Life loss matters|Lifegain|Triggered ability
Bloodthorn Flail,Alternate equip cost|Discard outlet
Bloodthrone Vampire,Free sacrifice outlet|Sacrifice outlet|Sacrifice outlet creature|Shade pump
Bloodtithe Harvester,Card advantage|Cycle|Cycle inr draft signpost|Cycle vow draft signpost|Discard outlet|Draft signpost|Draw|Removal|Removal creature|Removal toughness|Sacrifice self|Spot removal|Synergy blood|Triggered ability
Bloodtracker,Burst draw|Card advantage|Counters matter|Draw|Evasion|Hand positive|Leaves battlefield trigger|Leaves trigger self|Life payment|Pure draw|Triggered ability
Body Double,Clone|Copy|Copy creature
Bog Witch,Cycle|Cycle mmq alpha spellshaper|Discard outlet|Mana dork|Mana producer|Ramp
Bogardan Rager,Combat trick|Triggered ability
Boggart Trawler,Cycle|Cycle land|Cycle mh3 mdfc mono land|Cycle mono land|Hate|Hate graveyard|Life payment|Triggered ability
Bojuka Bog,Cycle|Cycle land|Cycle mono land|Cycle wwk utilityland|Hate|Hate graveyard|Sweeper graveyard|Triggered ability
Bolas's Citadel,Card advantage|Cycle|Cycle war color artifact|Gives castable from library|Gives castable from nonhand|Group slug|Life for cards|Life payment|Namesake spell|Opponent loses life|Peek|Peek library|Play from top|Precognition|Precognition engine|Sacrifice outlet|Sacrifice outlet nonland
Bolt Bend,Change target|Discount self|Power matters|Single target instant/sorcery
Boltwave,Burn|Burn player|Group slug
Bonders' Enclave,Card advantage|Draw|Hand positive|Mana sink|Power matters|Pure draw|Repeatable draw
Bone Miser,Card advantage|Discard matters|Discarded type matters|Draw|Mana producer|Non mana ability mana|Pure draw|Ramp|Repeatable creature tokens|Repeatable draw|Repeatable token generator|Triggered ability
Bone Shards,Discard outlet|Removal|Removal creature|Removal destroy|Removal planeswalker|Sacrifice outlet|Sacrifice outlet creature|Single target instant/sorcery|Spot removal
Bone Splinters,Removal|Removal creature|Removal destroy|Sacrifice outlet|Sacrifice outlet creature|Single target instant/sorcery|Spot removal
Bonecrusher Giant,Burn|Burn any|Burn battle|Burn creature|Burn planeswalker|Burn player|Castable from exile|Castable from nonhand|Cycle|Cycle eld rare adventurer|Exile self|Hate|Hate target|Removal|Removal burn|Removal creature|Removal planeswalker|Single target instant/sorcery|Triggered ability|Unexile|Unpreventable damage
Bonehoard Dracosaur,Card advantage|Evasion|Gives castable from exile|Gives castable from nonhand|Impulsive draw|Ramp|Repeatable artifact tokens|Repeatable creature tokens|Repeatable impulsive draw|Repeatable noncreature tokens|Repeatable token generator|Repeatable treasures|Triggered ability
Bonesplitter,
Bonfire of the Damned,Burn|Burn creature|Burn planeswalker|Burn player|Burn with set's mechanic|Delayed triggered ability|Removal|Removal burn|Removal creature|Removal planeswalker|Single target instant/sorcery|Sweeper|Sweeper one sided|Triggered ability
Bontu's Monument,Cast trigger|Cast trigger you|Cost reducer|Cost reducer creature|Cycle|Cycle akh monument|Drain life|Group slug|Inverted effects|Lifegain|Namesake spell|Opponent loses life|Ramp|Synergy black|Triggered ability
Bonus Round,Cast trigger|Copy|Copy instant|Copy sorcery|Delayed triggered ability|Synergy instant|Synergy sorcery|Triggered ability
Boon Reflection,Cycle|Cycle shm reflection|Lifegain increaser|Lifegain matters
Borne Upon a Wind,Cantrip|Card advantage|Draw|Gives flash|Hand neutral|Pure draw
Boros Charm,Burn|Burn planeswalker|Burn player|Combat trick|Cycle|Cycle a25 draft signpost|Cycle block rtr guild charm|Draft signpost|Gives indestructible|Protects creature|Removal|Removal burn|Removal planeswalker|Single target instant/sorcery
Boros Garrison,Bounce|Bounceland|Cycle|Cycle dual land|Cycle land|Cycle rav bounceland|Dual land|Rescue land|Triggered ability
Boros Guildgate,Cycle|Cycle dual land|Cycle guildgate|Cycle land|Dual land
Boros Signet,Cycle|Cycle rav signet|Mana filter|Mana producer|Mana rock|Ramp
Borrowed Hostility,Combat trick|Cycle|Cycle emn escalate borrowed|Multiple targets|Single target instant/sorcery
"Boseiju, Who Shelters All",Gives uncounterable|Hate|Hate counterspell|Life payment|Synergy instant|Synergy sorcery
Braid of Fire,Ramp|Triggered ability
"Braids, Arisen Nightmare",Card advantage|Draw|Group slug|Multi removal|Mutual sacrifice|Opponent loses life|Plunder|Punisher|Removal|Removal sacrifice|Repeatable draw|Repeatable removal|Sacrifice outlet|Sacrifice outlet artifact|Sacrifice outlet creature|Sacrifice outlet enchantment|Sacrifice outlet land|Sacrifice outlet planeswalker|Synergy artifact|Synergy enchantment|Synergy planeswalker|Triggered ability
Brainstone,Brainstorm|Card advantage|Draw|Egg|Hand neutral|Library manipulation|Pure draw|Sacrifice self|Top deck manipulation|Tuck outlet
Brand,Card advantage|Draw|Hand neutral|Hate|Hate theft|Pure draw|Usg storyline in cards
Brash Taunter,Burn|Burn creature|Burn player|Removal|Removal burn|Removal creature|Removal fight|Repeatable crime|Repeatable removal|Triggered ability
Brass's Tunnel-Grinder,Buff mana|Cantrip|Card advantage|Cast trigger|Cast trigger you|Consult cast|Cycle|Cycle lci r land dfc|Discard outlet|Draw|Free cast another|Gives castable from exile|Gives castable from nonhand|Hand neutral|Mana producer|Mana rock|Mana value matters|Mix and match|Namesake spell|Pure draw|Ramp|Triggered ability|Wheel|Wheel one sided
Brave the Sands,Block additional|Synergy blocker
Breaker of Creation,Attack trigger|Cast trigger|Cast trigger self|Hate|Hate color|Hate color every|Hate colored|Lands matter|Lifegain|Removal|Removal artifact|Removal aura|Removal battle|Removal creature|Removal enchantment|Removal equipment|Removal land|Removal permanent|Removal planeswalker|Removal sacrifice|Removal spacecraft|Removal vehicle|Repeatable removal|Spot removal|Synergy attacker self|Synergy colorless|Triggered ability
Breath of Darigaaz,Burn|Burn creature|Burn player|Burn player each|Group slug|Namesake spell|Removal|Removal burn|Removal creature|Self replacement effect|Sweeper
Brightclimb Pathway,Cycle|Cycle dual land|Cycle land|Cycle pathway|Cycle znr pathway|Dual land
Brimstone Roundup,Cast trigger|Cast trigger you|Castable from exile|Castable from nonhand|Exile self|Repeatable creature tokens|Repeatable token generator|Second spell matters|Triggered ability|Unexile
Brimstone Trebuchet,Burn|Burn player|Group slug|Pinger|Triggered ability|Typal creature|Typal knight
Bringer of the Last Gift,Evasion|Reanimate|Reanimate creature|Recursion|Recursion creature|Removal|Removal creature|Removal sacrifice|Sweeper|Triggered ability
Brotherhood Regalia,Alternate equip cost|Gives evasion|Protects creature|Rhystic|Synergy legendary
Browbeat,Burn|Burn player|Burst draw|Card advantage|Draw|Punisher|Pure draw|Single target instant/sorcery
Brute Force,Combat trick|Single target instant/sorcery
Brute Strength,Combat trick|Gives trample|Single target instant/sorcery
Bulk Up,Castable from graveyard|Castable from nonhand|Exile self|Power doubler|Power matters|Single target instant/sorcery
Burglar Rat,Discard|Triggered ability
Buried Ruin,Card advantage|Hand positive|Recursion|Recursion artifact|Regrowth artifact|Sacrifice self
Burning Earth,Burn|Burn player|Hate|Hate nonbasic land|Triggered ability
Burning Hands,Burn|Burn creature|Burn planeswalker|Cycle|Cycle afr color hate|Hate|Hate color|Hate green|Removal|Removal burn|Removal creature|Removal planeswalker|Self replacement effect|Single target instant/sorcery|Spot removal
Burnished Hart,Ramp|Sacrifice self|Tutor|Tutor land|Tutor land basic|Tutor land to battlefield|Tutor to|Tutor to battlefield
Burst Lightning,Burn|Burn any|Burn battle|Burn creature|Burn planeswalker|Burn player|Burn with set's mechanic|Cycle|Cycle zen c kicker|Removal|Removal burn|Removal creature|Removal planeswalker|Self replacement effect|Single target instant/sorcery
Buster Sword,Card advantage|Curiosity|Curiosity like|Draw|Free cast another|Hand positive|Mana value matters|Pure draw|Repeatable draw|Triggered ability
Butcher of Malakir,Death trigger|Evasion|Grave pact|Leaves battlefield trigger|Multi removal|Removal|Removal creature|Removal sacrifice|Repeatable removal|Spot removal|Triggered ability
By Force,Multi removal|Multiple targets|Removal|Removal artifact|Removal destroy|Single target instant/sorcery|Spot removal
Byway Barterer,Card advantage|Draw|Evasion|Mana spent matters|Miniwheel|Repeatable draw|Triggered ability|Wheel
Cabal Coffers,Ramp|Synergy swamp
Cabal Ritual,Cards in graveyard matter|Ramp|Ritual
Cabaretti Courtyard,Cycle|Cycle land|Cycle nonmana land|Cycle snc fetchland|Fetchland|Lifegain|Manaless land|Sacrifice self|Triggered ability|Tutor|Tutor land|Tutor land basic|Tutor land basic forest|Tutor land basic mountain|Tutor land basic plains|Tutor land to battlefield|Tutor to|Tutor to battlefield
Cactus Preserve,Animate|Animate self|Color change self|Mana value matters|Synergy commander
"Caduceus, Staff of Hermes",Damage prevention|Damage prevention creature|Gives indestructible|Gives lifelink|Life total matters self|Lifegain|Lifegain matters|Namesake spell|Protects creature
Caged Sun,Anthem|Mana increaser|Mana producer|Mana rock|Power boost to all|Ramp|Synergy color choose|Triggered ability
"Cait Sith, Fortune Teller",Card advantage|Gives castable from exile|Gives castable from nonhand|Impulsive draw|Library manipulation|Mana value matters|Peek|Peek library|Repeatable impulsive draw|Top deck manipulation|Triggered ability
Calamity of Cinders,Burn|Burn creature|Convoke|Discount self|Hate|Hate untapped|Removal|Removal burn|Removal creature|Sweeper|Synergy color share|Synergy red|Synergy tapped|Tap fuel creature|Tap outlet
Call In a Professional,Burn|Burn any|Burn battle|Burn creature|Burn planeswalker|Burn player|Hate|Hate lifegain|Removal|Removal burn|Removal creature|Removal planeswalker|Single target instant/sorcery|Unpreventable damage
Call of the Ring,Attack trigger|Card advantage|Discard outlet|Draw|Gives evasion|Hand positive|Life for cards|Life payment|Loot|Old blocking deathtouch|Pure draw|Repeatable draw|Synergy ring|Triggered ability
Canyon Slough,Card advantage|Cycle|Cycle akh dual cycling land|Cycle cycling land|Cycle dual cycling land|Cycle dual land|Cycle land|Draw|Dual land|Hand neutral|Nonbasic basic land type|Pure draw
Captivating Cave,Mana filter|Sacrifice self
Captivating Vampire,Anthem|Cycle|Cycle m11 typal lord|Indefinite effect|Power boost to all|Tap fuel creature|Tap outlet|Theft|Theft creature|Typal creature|Typal vampire
Captive Audience,Cycle|Cycle rna m guild spell|Discard|Triggered ability|White elephant
Careful Study,Card advantage|Discard outlet|Draw|Hand negative|Loot
Caretaker's Talent,Anthem|Card advantage|Copy|Copy token|Cycle|Cycle blb r talent|Draw|Hand positive|Power boost to all|Pure draw|Repeatable draw|Synergy token|Synergy token creature|Thingfall|Tokenfall|Triggered ability
"Carmen, Cruel Skymarcher",Alt commander|Attack trigger|Cycle|Cycle lcc alt commander|Evasion|Lifegain|Power matters|Power matters self|Reanimate|Reanimate permanent|Recursion|Recursion permanent|Synergy attacker self|Synergy sacrifice|Triggered ability
Castle Embereth,Cycle|Cycle eld castle|Cycle land|Cycle mono land|Mana sink|Power boost to all|Synergy mountain
Castle Locthwain,Card advantage|Cycle|Cycle eld castle|Cycle land|Cycle mono land|Draw|Hand positive|Hand size matters|Life for cards|Life payment|Mana sink|Pure draw|Repeatable draw|Synergy swamp
Cathars' Crusade,Creaturefall|Gives pp counters to all|Power boost to all|Thingfall|Triggered ability
Cathartic Pyre,Burn|Burn creature|Burn planeswalker|Card advantage|Discard outlet|Draw|Hand negative|Removal|Removal burn|Removal creature|Removal planeswalker|Single target instant/sorcery|Spot removal
Cathartic Reunion,Card advantage|Discard outlet|Draw|Hand neutral
Cathedral of War,Attack trigger|Synergy attacker|Triggered ability
Cave of the Frost Dragon,Animate|Animate self|Color change self|Cycle|Cycle afr creatureland|Cycle land|Cycle mono land|Evasion
Cavern of Souls,Buff mana|Gives uncounterable|Hate|Hate counterspell|Typal choose|Typal creature
Caverns of Despair,Combat manipulation
Caves of Koilos,Cycle|Cycle apc painland|Cycle dual land|Cycle land|Cycle painland|Dual land|Life payment|Mana ability with extra effect
Cemetery Gatekeeper,Burn|Burn player|Cast trigger|Cycle|Cycle vow cemetery|Graveyard fuel|Hate|Hate graveyard|Landfall|Landfall other|Lands matter|Triggered ability
Cephalid Coliseum,Card advantage|Cards in graveyard matter|Cycle|Cycle land|Cycle mono land|Cycle ody threshold painland|Discard outlet|Draw|Life payment|Loot|Mana ability with extra effect|Sacrifice self
Chain Reaction,Burn|Burn creature|Creature count matters|Hate|Hate wide|Removal|Removal burn|Removal creature|Sweeper
Chainsaw,Burn|Burn creature|Counters matter|Death trigger|Leaves battlefield trigger|Removal|Removal burn|Removal creature|Spot removal|Triggered ability
Chalice of Life,Life total matters self|Lifegain|Lifegain matters|Opponent loses life|Transform mirror
Chalice of the Void,Cast trigger|Counters matter|Counterspell|Counterspell automatic|Hate|Hate storm|Mana value matters|Manaless value|Triggered ability
"Chameleon, Master of Disguise",Castable from graveyard|Castable from nonhand|Clone|Copy|Copy creature|Copy legendary|Discard matters
Champion of Dusk,Burst draw|Card advantage|Draw|Hand neutral|Hand positive|Life for cards|Life payment|Pure draw|Triggered ability|Typal creature|Typal vampire
Champion of Wits,Burst draw|Card advantage|Copy|Copy self|Cycle|Cycle hou power eternalizer|Discard outlet|Draw|Exile self|Graveyard fuel self|Hand negative|Hand positive|Loot|Power matters|Power matters self|Triggered ability|Type errata naga
Champion's Helm,Gives hexproof|Protects creature|Synergy legendary
Chancellor of the Annex,Cast tax|Cast trigger|Cast trigger other|Counterspell|Counterspell automatic|Counterspell soft|Cycle|Cycle nph chancellor|Delayed triggered ability|Evasion|Manaless value|Triggered ability
Chandra's Flame Wave,Burn|Burn creature|Burn player|Burn with set's mechanic|Cycle|Cycle m20 precon tutor|Namesake spell|Pwdeck tutor|Removal|Removal burn|Removal creature|Single target instant/sorcery|Sweeper|Sweeper one sided|Tutor|Tutor planeswalker|Tutor to|Tutor to hand|Tutors by name
Chandra's Ignition,Burn|Burn creature|Burn player|Cycle|Cycle ori pivotal moment|Namesake spell|One sided fight|Power matters|Removal|Removal burn|Removal creature|Single target instant/sorcery|Sweeper
Chandra's Incinerator,Burn|Burn creature|Burn planeswalker|Cycle|Cycle m21 chandra vertical|Discount self|Namesake spell|Removal|Removal burn|Removal creature|Removal planeswalker|Repeatable removal|Spot removal|Synergy burn|Triggered ability
Chandra's Magmutt,Burn|Burn planeswalker|Burn player|Cycle|Cycle m21 chandra vertical|Namesake spell|Pinger|Removal|Removal burn|Removal planeswalker|Repeatable crime|Repeatable removal
Chandra's Outburst,Burn|Burn planeswalker|Burn player|Burn with set's mechanic|Namesake spell|Pwdeck tutor|Removal|Removal burn|Removal planeswalker|Single target instant/sorcery|Tutor|Tutor planeswalker|Tutor to|Tutor to hand|Tutors by name
Chandra's Phoenix,Card advantage|Cycle|Cycle m12 r pw signature|Cycle m14 pw signature|Evasion|Namesake spell|Recursion|Recursion self|Regrowth self|Synergy burn|Synergy instant|Synergy planeswalker|Synergy red|Synergy sorcery|Trigger from graveyard|Triggered ability
Chandra's Regulator,Card advantage|Copy|Copy ability|Discard outlet|Discard outlet land|Draw|Hand negative|Namesake spell|Synergy mountain|Synergy planeswalker|Synergy pw chandra|Synergy red|Triggered ability
Chandra's Spitfire,Cycle|Cycle m11 u pw signature|Evasion|Namesake spell|Synergy burn|Triggered ability
"Chandra, Awakened Inferno",Burn|Burn creature|Burn planeswalker|Burn player|Cycle|Cycle m20 chandra|Cycle m20 planeswalker|Group slug|Hate|Hate counterspell|Passive ability|Removal|Removal burn|Removal creature|Removal exile|Removal planeswalker|Repeatable crime|Repeatable removal|Spot removal|Sweeper|Triggered ability|Typal creature|Typal elemental
"Chandra, Bold Pyromancer",Burn|Burn creature|Burn planeswalker|Burn player|Mana producer|Non mana ability mana|Ramp|Removal|Removal burn|Removal creature|Removal planeswalker|Repeatable crime|Repeatable removal|Spot removal|Sweeper|Sweeper one sided|Tutored by name
"Chandra, Dressed to Kill",Burn|Burn any|Burn battle|Burn creature|Burn planeswalker|Burn player|Card advantage|Cast trigger|Cast trigger you|Gives castable from exile|Gives castable from nonhand|Impulsive draw|Mana producer|Mana spent matters|Non mana ability mana|Pinger|Ramp|Removal|Removal burn|Removal creature|Removal planeswalker|Repeatable crime|Repeatable impulsive draw|Repeatable removal|Synergy red|Triggered ability
"Chandra, Fire Artisan",Burn|Burn planeswalker|Burn player|Card advantage|Cycle|Cycle war gatewatch|Gives castable from exile|Gives castable from nonhand|Impulsive draw|Passive ability|Removal|Removal burn|Removal planeswalker|Repeatable impulsive draw|Repeatable removal|Triggered ability
"Chandra, Fire of Kaladesh",Burn|Burn creature|Burn planeswalker|Burn player|Cast trigger|Cast trigger you|Cycle|Cycle ori flip walker|Exile self|Exile self dfc transform|Group slug|Pinger|Removal|Removal burn|Removal creature|Removal planeswalker|Repeatable crime|Repeatable removal|Spot removal|Synergy red|Triggered ability
"Chandra, Flame's Catalyst",Burn|Burn player|Burst draw|Card advantage|Cycle|Cycle m21 precon planeswalker|Draw|Free cast another|Gives castable from graveyard|Gives castable from nonhand|Recursion|Synergy instant|Synergy red|Synergy sorcery|Tutored by name|Wheel
"Chandra, Flame's Fury",Burn|Burn any|Burn battle|Burn creature|Burn planeswalker|Burn player|Cycle|Cycle m20 precon planeswalker|Removal|Removal burn|Removal creature|Removal planeswalker|Repeatable crime|Repeatable removal|Sweeper|Sweeper one sided|Tutored by name
"Chandra, Heart of Fire",Burn|Burn any|Burn battle|Burn creature|Burn planeswalker|Burn player|Card advantage|Cycle|Cycle m21 chandra vertical|Cycle m21 planeswalker|Discard outlet|Gives castable from exile|Gives castable from nonhand|Impulsive draw|Impulsive recursion|Mana producer|Non mana ability mana|Ramp|Recursion|Removal|Removal burn|Removal creature|Removal planeswalker|Repeatable crime|Repeatable impulsive draw|Repeatable removal|Synergy instant|Synergy red|Synergy sorcery|Tutor|Tutor color|Tutor instant|Tutor red|Tutor sorcery|Tutor to|Tutor to exile
"Chandra, Hope's Beacon",Burn|Burn any|Burn battle|Burn creature|Burn planeswalker|Burn player|Card advantage|Cast trigger|Cast trigger you|Copy|Copy instant|Copy sorcery|Gives castable from exile|Gives castable from nonhand|Impulsive draw|Mana producer|Multi removal|Multiple targets|Non mana ability mana|Passive ability|Ramp|Removal|Removal burn|Removal creature|Removal planeswalker|Repeatable crime|Repeatable impulsive draw|Repeatable removal|Synergy instant|Synergy sorcery|Triggered ability
"Chandra, Pyrogenius",Burn|Burn creature|Burn planeswalker|Burn player|Group slug|Removal|Removal burn|Removal creature|Removal planeswalker|Repeatable crime|Repeatable removal|Spot removal|Sweeper|Sweeper one sided|Tutored by name
"Chandra, Pyromaster",Burn|Burn creature|Burn planeswalker|Burn player|Card advantage|Copy|Copy instant|Copy sorcery|Cost ignorer|Cycle|Cycle m14 planeswalker|Cycle m15 planeswalker|Free cast another|Gives castable from exile|Gives castable from nonhand|Impulsive draw|Mill|Mill exile|Mill self|Multi removal|Multiple targets|Prevent blocker|Removal|Removal burn|Removal creature|Removal planeswalker|Repeatable crime|Repeatable impulsive draw|Repeatable removal|Spot removal|Synergy instant|Synergy sorcery
"Chandra, Torch of Defiance",Burn|Burn any|Burn battle|Burn creature|Burn planeswalker|Burn player|Card advantage|Cast trigger|Cast trigger you|Gives castable from exile|Gives castable from nonhand|Group slug|Impulsive draw|Mana producer|Non mana ability mana|Ramp|Removal|Removal burn|Removal creature|Removal planeswalker|Repeatable impulsive draw|Repeatable removal|Triggered ability
"Chandra, the Firebrand",Burn|Burn any|Burn battle|Burn creature|Burn planeswalker|Burn player|Cast trigger|Cast trigger you|Copy|Copy instant|Copy sorcery|Cycle|Cycle m12 planeswalker|Cycle m13 planeswalker|Delayed triggered ability|Multi removal|Multiple targets|Pinger|Removal|Removal burn|Removal creature|Removal planeswalker|Repeatable crime|Repeatable removal|Triggered ability
Change of Fortune,Card advantage|Discard matters|Draw|Wheel
Changeling Outcast,Cda subtype|Changeling|Characteristic defining ability|Evasion|Unblockable
Channeled Dragonfire,Burn|Burn any|Burn battle|Burn creature|Burn planeswalker|Burn player|Castable from graveyard|Castable from nonhand|Exile self|Power matters|Removal|Removal burn|Removal creature|Removal planeswalker|Single target instant/sorcery|Tap fuel creature|Tap outlet
Chaos Warp,Cost ignorer|Removal|Removal artifact|Removal aura|Removal battle|Removal creature|Removal enchantment|Removal equipment|Removal land|Removal permanent|Removal planeswalker|Removal spacecraft|Removal tuck|Removal vehicle|Single target instant/sorcery|Spot removal
Charcoal Diamond,Cycle|Cycle mir diamond|Mana producer|Mana rock|Ramp
Chariot of Victory,Gives haste|Gives trample
Charismatic Conqueror,Hate|Hate artifact|Hatebear|Kismet effect|Lifegain|Punisher|Repeatable creature tokens|Repeatable token generator|Tapper|Tapper artifact|Tapper creature|Triggered ability
Charred Foyer // Warped Space,Card advantage|Cost ignorer|Cycle|Cycle dsk m room|Free cast another|Gives castable from exile|Gives castable from nonhand|Impulsive draw|Repeatable impulsive draw|Synergy exile cast|Triggered ability
Chart a Course,Card advantage|Catalog|Discard outlet|Draw|Hand neutral|Hand positive|Loot|Pure draw|Raid|Synergy attacker
Child of Night,French vanilla|Lifegain
"Chimil, the Inner Sun",Card advantage|Consult cast|Free cast another|Gives castable from exile|Gives castable from nonhand|Gives uncounterable|Hate|Hate counterspell|Triggered ability
Chivalric Alliance,Attack trigger|Card advantage|Discard outlet|Draw|Pure draw|Repeatable creature tokens|Repeatable draw|Repeatable token generator|Synergy attacker|Triggered ability
Choked Estuary,Cycle|Cycle dual land|Cycle land|Cycle reveal land|Cycle soi reveal land|Dual land|Synergy island|Synergy swamp
Chromatic Lantern,Gives tap ability|Mana fix|Mana producer|Mana rock|Ramp|Tap outlet
Chromatic Sphere,Card advantage|Draw|Egg|Hand neutral|Mana ability with extra effect|Mana egg|Mana filter|Pure draw|Sacrifice self
Chromatic Star,Card advantage|Death trigger|Death trigger self|Draw|Egg|Hand neutral|Leaves battlefield trigger|Mana egg|Mana filter|Pure draw|Sacrifice self|Triggered ability
Chrome Mox,Mana producer|Mana rock|Manaless value|Moxen|Ramp|Synergy color share|Triggered ability
Cinder Barrens,Cycle|Cycle dual land|Cycle dual tapland|Cycle land|Cycle ogw tapland|Dual land
Cinder Pyromancer,Burn|Burn planeswalker|Burn player|Cast trigger|Cast trigger you|Cycle|Cycle eve untapper|Pinger|Removal|Removal burn|Removal planeswalker|Repeatable crime|Repeatable removal|Synergy red|Triggered ability
Circular Logic,Cards in graveyard matter|Castable from exile|Castable from nonhand|Counterspell|Counterspell soft|Counterspell with set mechanic|Cycle|Cycle tor u madness|Delayed triggered ability|Exile self|Single target instant/sorcery|Triggered ability|Unexile
Citadel Gate,Color choose land|Cycle|Cycle clb thriving gate
Citadel of Pain,Burn|Burn player|Burn player each|Catch 22|Group slug|Triggered ability
City of Brass,Life payment|Triggered ability
City of Traitors,Ramp|Triggered ability
City on Fire,Convoke|Damage multiplier|Discount self|Synergy color share|Synergy red|Tap fuel creature|Tap outlet
Claim Jumper,Catch up|Ramp|Triggered ability|Tutor|Tutor land|Tutor land plains|Tutor land to battlefield|Tutor to|Tutor to battlefield
"Clavileño, First of the Blessed",Attack trigger|Card advantage|Cycle|Cycle lcc face commander|Death trigger|Draw|Face commander|Indefinite effect|Leaves battlefield trigger|Pure draw|Repeatable creature tokens|Repeatable draw|Repeatable token generator|Synergy attacker|Triggered ability|Typal creature|Typal vampire
Claws of Valakut,Lands matter|Maro sorcerer|Synergy mountain
Clearwater Pathway,Cycle|Cycle dual land|Cycle land|Cycle pathway|Cycle znr pathway|Dual land
Cleric Class,Cycle|Cycle afr u class|Lifegain|Lifegain increaser|Lifegain matters|Mana sink|Pridemate|Reanimate|Reanimate creature|Recursion|Recursion creature|Toughness matters|Triggered ability
Cleric of Life's Bond,Cycle|Cycle znr draft signpost|Draft signpost|Lifegain|Lifegain matters|Pridemate|Triggered ability|Typal cleric|Typal creature
Clever Concealment,Convoke|Discount self|Phasing|Protects artifact|Protects creature|Protects enchantment|Protects planeswalker|Single target instant/sorcery|Synergy color share|Synergy white|Tap fuel creature|Tap outlet
Cliffhaven Vampire,Cycle|Cycle ogw draft signpost|Draft signpost|Evasion|Group slug|Lifegain matters|Lifegain to damage|Opponent loses life|Triggered ability
Clifftop Retreat,Cycle|Cycle checkland|Cycle dual land|Cycle isd checkland|Cycle land|Dual land|Synergy mountain|Synergy plains
"Clive, Ifrit's Dominant",Burn|Burn creature|Burst draw|Card advantage|Draw|Exile self|Exile self dfc transform|Mana producer|Namesake spell|Non mana ability mana|Ramp|Removal|Removal burn|Removal creature|Removal fight|Repeatable crime|Repeatable removal|Synergy red|Triggered ability|Wheel|Wheel one sided
Cloudstone Curio,Bounce|Permanentfall|Rescue creature|Rescue enchantment|Rescue land|Rescue nonartifact|Thingfall|Triggered ability
Coat of Arms,Typal creature|Typal share
Coiling Rebirth,Copy|Copy creature|Group hug|Reanimate|Reanimate creature|Recursion|Recursion creature|Single target instant/sorcery
Coldsteel Heart,Mana producer|Mana rock|Ramp
Colossus Hammer,
Combustible Gearhulk,Burn|Burn player|Burst draw|Card advantage|Cycle|Cycle kld gearhulk|Draw|Mana value matters|Mill|Mill self|Punisher|Pure draw|Triggered ability
Coming In Hot,Combat trick|Library manipulation|Peek|Peek library|Single target instant/sorcery|Top deck manipulation
Command Beacon,Commander matters|Commander tax evasion|Sacrifice self|Synergy commander
Command Bridge,Rupture spire|Tap fuel permanent|Tap outlet|Triggered ability
Command Tower,Commander identity matters|Commander matters|Synergy color share|Synergy commander|Tutored by name
Commander's Plate,Alternate equip cost|Commander identity matters|Commander matters|Gives evasion|Gives protection|Hate color non share|Protects creature|Synergy commander
Commander's Sphere,Card advantage|Commander identity matters|Commander matters|Draw|Egg|Hand neutral|Mana producer|Mana rock|Pure draw|Ramp|Sacrifice self|Synergy color share|Synergy commander
Commune with Lava,Card advantage|Gives castable from exile|Gives castable from nonhand|Impulsive draw
Compulsive Research,Burst draw|Card advantage|Compulsive research|Discard outlet|Discarded type matters|Draw|Hand neutral|Hand positive|Loot|Single target instant/sorcery
Concealed Courtyard,Cycle|Cycle dual land|Cycle fastland|Cycle kld fastland|Cycle land|Dual land
Conduit Pylons,Library manipulation|Mana filter|Mill|Mill self|Peek|Peek library|Surveil|Top deck manipulation|Triggered ability
Congregate,Creature count matters|Lifegain|Single target instant/sorcery
Conjurer's Bauble,Card advantage|Draw|Egg|Hand neutral|Library manipulation|Pure draw|Recursion|Restock to bottom|Sacrifice self
Conjurer's Closet,Flicker|Flicker creature|Triggered ability
Consecrated Sphinx,Card advantage|Draw|Draw hate|Evasion|Hate|Pure draw|Repeatable draw|Triggered ability
Consuming Fervor,Triggered ability
Contaminated Landscape,Card advantage|Cycle|Cycle colorless land|Cycle land|Cycle mh3 landscape|Draw|Fetchland|Hand neutral|Pure draw|Sacrifice self|Tutor|Tutor land|Tutor land basic|Tutor land basic island|Tutor land basic plains|Tutor land basic swamp|Tutor land to battlefield|Tutor to|Tutor to battlefield
Copycrook,Attack trigger|Card advantage|Clone|Copy|Copy creature|Discard outlet|Draw|Loot|Synergy attacker self|Triggered ability
Cordial Vampire,Death trigger|Leaves battlefield trigger|Triggered ability|Typal creature|Typal vampire
Corpse Knight,Cycle|Cycle m20 draft signpost|Draft signpost|Group slug|Opponent loses life|Triggered ability
Corrupted Conviction,Card advantage|Draw|Hand positive|Plunder|Sacrifice outlet|Sacrifice outlet creature
Coruscation Mage,Burn|Burn player|Cast trigger|Cast trigger you|Copy|Copy self|Creates token of a card|Group slug|Multiple bodies|Pinger|Synergy noncreature|Triggered ability
Cosmos Elixir,Card advantage|Draw|Life total matters self|Lifegain|Lifegain matters|Pure draw|Repeatable draw|Triggered ability
Cosmotronic Wave,Burn|Burn creature|Prevent blocker|Prevent mass blockers|Removal|Removal burn|Removal creature|Sweeper|Sweeper one sided
Count on Luck,Card advantage|Gives castable from exile|Gives castable from nonhand|Impulsive draw|Repeatable impulsive draw|Triggered ability
Counterspell,Counterspell|Interrupt|Single target instant/sorcery
Court of Ardenvale,Card advantage|Cycle|Cycle woc court|Draw|Monarch matters|Pure draw|Reanimate|Reanimate permanent|Recursion|Recursion permanent|Regrowth permanent|Repeatable draw|Self replacement effect|Triggered ability
Court of Embereth,Burn|Burn player|Card advantage|Creature count matters|Cycle|Cycle woc court|Draw|Group slug|Monarch matters|Pure draw|Repeatable creature tokens|Repeatable draw|Repeatable token generator|Triggered ability
Cover of Darkness,Gives evasion|Gives fear|Typal choose|Typal creature
Coveted Jewel,Burst draw|Card advantage|Defector|Draw|Group hug|Mana producer|Mana rock|Pure draw|Ramp|Repeatable draw|Synergy attacker|Triggered ability
Crackle with Power,Burn|Burn any|Burn battle|Burn creature|Burn planeswalker|Burn player|Multi removal|Multiple targets|Removal|Removal burn|Removal creature|Removal planeswalker|Single target instant/sorcery
Crackling Club,Bombard self|Burn|Burn creature|Removal|Removal burn|Removal creature|Sacrifice self|Spot removal
Crackling Doom,Burn|Burn player|Group slug|Multi removal|Power matters|Removal|Removal creature|Removal sacrifice|Spot removal
Cradle of Vitality,Lifegain matters|Pridemate|Triggered ability
Crash Through,Cantrip|Card advantage|Draw|Gives trample|Hand neutral|Pure draw
Crawling Barrens,Animate|Animate self|Mana sink
Crawlspace,Combat manipulation|Pillowfort
Creeping Bloodsucker,Burn|Burn player|Drain life|Group slug|Inverted effects|Lifegain|Triggered ability
Crib Swap,Cda subtype|Changeling|Characteristic defining ability|Removal|Removal creature|Removal exile|Single target instant/sorcery|Spot removal|Typal creature
Crimson Wisps,Cantrip|Card advantage|Cycle|Cycle shm wisps|Draw|Gives haste|Hand neutral|Pure draw|Single target instant/sorcery
Crippling Fear,Removal|Removal creature|Removal toughness|Sweeper|Typal choose|Typal creature
Crossroads Village,Color choose land
Crossway Troublemakers,Card advantage|Death trigger|Draw|Gives lifelink|Leaves battlefield trigger|Life for cards|Life payment|Lifegain|Pure draw|Repeatable draw|Sneaky self trigger|Synergy attacker|Triggered ability|Typal creature|Typal vampire
Crowded Crypt,Death trigger|Egg|Leaves battlefield trigger|Mana producer|Mana rock|Ramp|Sacrifice self|Triggered ability
Cruel Celebrant,Blood artist ability|Cycle|Cycle war draft signpost|Death trigger|Draft signpost|Drain life|Group slug|Inverted effects|Leaves battlefield trigger|Lifegain|Opponent loses life|Synergy planeswalker|Triggered ability
Crypt Ghast,Cast trigger|Cast trigger you|Drain life|Inverted effects|Lifegain|Mana increaser|Opponent loses life|Ramp|Synergy swamp|Triggered ability
Crypt of Agadeem,Cards in graveyard matter|Cycle|Cycle land|Cycle mono land|Cycle zen namedland|Ramp|Synergy black|Undergrowth
Cryptbreaker,Card advantage|Discard outlet|Draw|Life for cards|Life payment|Pure draw|Repeatable creature tokens|Repeatable draw|Repeatable token generator|Tap fuel creature|Tap outlet|Typal creature|Typal zombie
Cryptic Caves,Card advantage|Draw|Hand neutral|Lands matter|Pure draw|Sacrifice self
Crystal Barricade,Damage prevention|Damage prevention creature|Gives hexproof|Protects creature
Crystal Grotto,Library manipulation|Mana filter|Peek|Peek library|Top deck manipulation|Triggered ability
Crystal Vein,Ramp|Sacrifice self
Culling the Weak,Mana source (type)|Ramp|Ritual|Sacrifice outlet|Sacrifice outlet creature
Cunning Sparkmage,Burn|Burn any|Burn battle|Burn creature|Burn planeswalker|Burn player|Pinger|Removal|Removal burn|Removal creature|Removal planeswalker|Repeatable crime|Repeatable removal
Cursecloth Wrappings,Anthem|Copy|Copy creature|Gives embalm|Graveyard fuel|Graveyard fuel creature|Power boost to all|Reanimate|Reanimate creature|Recursion|Recursion creature|Repeatable creature tokens|Repeatable token generator|Typal creature|Typal zombie
Cursed Mirror,Copy|Copy creature|Gains haste|Mana producer|Mana rock|Ramp
Cursed Recording,Cast trigger|Cast trigger you|Copy|Copy instant|Copy sorcery|Delayed triggered ability|Life payment|Triggered ability
Cursed Totem,Hate|Hate activation|Prevent activation
Cut // Ribbons,Burn|Burn creature|Burn with set's mechanic|Castable from graveyard|Castable from nonhand|Cycle|Cycle akh allied aftermath|Exile self|Group slug|Opponent loses life|Removal|Removal burn|Removal creature|Single target instant/sorcery|Spot removal|Three letter name
Cut Down,Removal|Removal creature|Removal destroy|Single target instant/sorcery|Spot removal
Cyclonic Rift,Bounce|Pseudo fog|Removal|Removal artifact|Removal aura|Removal battle|Removal bounce|Removal creature|Removal enchantment|Removal equipment|Removal nonland|Removal planeswalker|Removal spacecraft|Removal vehicle|Single target instant/sorcery|Spot removal|Sweeper|Sweeper one sided
Dalkovan Encampment,Attack trigger|Cycle|Cycle land|Cycle mono land|Cycle tdm utility land|Delayed triggered ability|Repeatable creature tokens|Repeatable token generator|Synergy attacker|Synergy mountain|Synergy swamp|Triggered ability
Damn,Removal|Removal creature|Removal destroy|Single target instant/sorcery|Spot removal|Sweeper
Damnation,Removal|Removal creature|Removal destroy|Sweeper
Dance of the Dead,Cost ignorer|Delayed triggered ability|Enchant change|Reanimate|Reanimate creature|Reanimate from any|Reanimate from opponent|Recursion|Recursion creature|Theft|Triggered ability|Untapper|Untapper creature
Dangerous Wager,Card advantage|Discard outlet|Draw|Miniwheel|Wheel
Dark Deal,Card advantage|Discard|Discard outlet|Draw|Hand negative|Miniwheel|Wheel
Dark Depths,Mana sink|Manaless land|State trigger|Triggered ability
Dark Impostor,Mana sink|Mimic|Removal|Removal creature|Removal exile|Repeatable crime|Repeatable removal|Spot removal
Dark Prophecy,Card advantage|Deal with the devil|Death trigger|Draw|Leaves battlefield trigger|Life for cards|Life payment|Pure draw|Repeatable draw|Triggered ability
Dark Ritual,Cycle|Cycle lea boon|Interrupt|Mana source (type)|Ramp|Ritual
Dark Tutelage,Card advantage|Deal with the devil|Life for cards|Life payment|Triggered ability|Wannabe dark confidant
Darksteel Mutation,Gives indestructible|Humble|Removal|Removal creature|Spot removal
Darksteel Plate,Gives indestructible|Protects creature
Darkwater Catacombs,Cycle|Cycle dual land|Cycle land|Cycle ody ally filterland|Cycle ody filterland|Dual land|Filterland|Mana filter
Dash Hopes,Cast trigger|Cast trigger self|Counterspell|Counterspell with set mechanic|Cycle|Cycle plc extortion vertical|Punisher|Single target instant/sorcery|Triggered ability
Dauthi Voidwalker,Evasion|Free cast another|Gives castable from exile|Gives castable from nonhand|Hate|Hate graveyard|Hatebear|Sacrifice self|Theft|Theft cast
Dawn Charm,Combat trick|Counterspell|Cycle|Cycle plc charm|Damage prevention|Fog|Protects creature|Regenerates other|Single target instant/sorcery
Dawn's Truce,Combat trick|Gives hexproof|Gives indestructible|Group hug|Protects creature
Dawnbreak Reclaimer,Bribery|Evasion|Group hug|Reanimate|Reanimate creature|Recursion|Recursion creature|Triggered ability
"Dawnsire, Sunstar Dreadnought",Animate|Animate self|Attack trigger|Burn|Burn creature|Burn planeswalker|Evasion|Power matters|Removal|Removal burn|Removal creature|Removal planeswalker|Repeatable crime|Repeatable removal|Spot removal|Synergy attacker|Tap fuel creature|Tap outlet|Triggered ability
"Daxos, Blessed by the Sun",Cda toughness|Characteristic defining ability|Creaturefall|Cycle|Cycle thb demigod|Death trigger|Leaves battlefield trigger|Lifegain|Soul warden ability|Synergy white|Thingfall|Triggered ability
Day of Judgment,Removal|Removal creature|Removal destroy|Sweeper
Dazzling Angel,Creaturefall|Evasion|Lifegain|Soul warden ability|Thingfall|Triggered ability
Dazzling Theater // Prop Room,Cost reducer|Extra untap|Synergy color share|Tap fuel creature|Tap outlet|Untapper|Untapper creature
Dead // Gone,Bounce|Burn|Burn creature|Burn with set's mechanic|Cycle|Cycle plc split vertical|Removal|Removal bounce|Removal burn|Removal creature|Single target instant/sorcery|Spot removal
Deadeye Duelist,Burn|Burn player|Pinger|Repeatable crime
Deadly Dispute,Card advantage|Draw|Hand positive|Plunder|Ramp|Sacrifice outlet|Sacrifice outlet artifact|Sacrifice outlet creature|Synergy artifact
Deadly Rollick,Cycle|Cycle c20 free spell|Manaless value|Potentially free|Removal|Removal creature|Removal exile|Single target instant/sorcery|Spot removal|Synergy commander
Deafening Silence,Hate|Hate storm|Rule of law
Death Baron,Anthem|Cycle|Cycle m19 typal lord|Power boost to all|Typal creature|Typal skeleton|Typal zombie
Debt to the Deathless,Drain life|Group slug|Inverted effects|Lifegain|Opponent loses life
Decanter of Endless Water,Hand size increase|Mana producer|Mana rock|Ramp
Defense Grid,Cost increaser|Hate|Hate counterspell
Defiant Bloodlord,Evasion|Lifegain matters|Lifegain to damage|Opponent loses life|Repeatable crime|Triggered ability
Defiant Ogre,Cycle|Cycle frf modal etb creature|Removal|Removal artifact|Removal destroy|Spot removal|Triggered ability
Defibrillating Current,Burn|Burn creature|Burn planeswalker|Cycle|Cycle tdm u twobrid|Drain creature|Lifegain|Removal|Removal burn|Removal creature|Removal planeswalker|Single target instant/sorcery|Spot removal
Defiler of Instinct,Burn|Burn any|Burn battle|Burn creature|Burn planeswalker|Burn player|Cast trigger|Cast trigger you|Cost reducer|Cost reducer colored mana|Cycle|Cycle dmu defiler|Life payment|Pinger|Ramp|Removal|Removal burn|Removal creature|Removal planeswalker|Repeatable crime|Synergy red|Triggered ability
Deflecting Palm,Aikido|Burn|Burn player|Cycle|Cycle ktk r two color|Damage prevention|Damage prevention you|Damage redirection
Deflecting Swat,Change target|Cycle|Cycle c20 free spell|Manaless value|Potentially free|Single target instant/sorcery|Synergy commander
Delayed Blast Fireball,Burn|Burn creature|Burn player|Burn with set's mechanic|Castable from exile|Castable from nonhand|Exile self|Group slug|Removal|Removal burn|Removal creature|Self replacement effect|Sweeper|Sweeper one sided|Synergy exile cast|Unexile
Delete,Burn|Burn creature|Burn player|Burn player each|Group slug|Removal|Removal burn|Removal creature|Sweeper|Synergy artifact creature
Demand Answers,Card advantage|Discard outlet|Draw|Hand neutral|Hand positive|Plunder|Sacrifice outlet|Sacrifice outlet artifact|Synergy artifact
Demolition Field,Fetchland|Hate|Hate nonbasic land|Removal|Removal destroy|Removal land|Sacrifice self|Spot removal|Tutor|Tutor land|Tutor land basic|Tutor land to battlefield|Tutor to|Tutor to battlefield
Demonic Consultation,Card advantage
Demonic Counsel,Card types in graveyard matter|Cards in graveyard matter|Self replacement effect|Tutor|Tutor card|Tutor to|Tutor to hand|Typal creature|Typal demon
Demonic Ruckus,Card advantage|Castable from exile|Castable from nonhand|Death trigger|Death trigger self|Draw|Exile self|Gives evasion|Gives trample|Leaves battlefield trigger|Pure draw|Triggered ability|Unexile
Demonic Tutor,Tutor|Tutor card|Tutor to|Tutor to hand
Demystify,Removal|Removal destroy|Removal enchantment|Single target instant/sorcery|Spot removal
Den of the Bugbear,Animate|Animate self|Attack trigger|Color change self|Cycle|Cycle afr creatureland|Cycle land|Cycle mono land|Mana sink|Repeatable creature tokens|Repeatable token generator|Synergy attacker self|Triggered ability
Descent into Avernus,Burn|Burn player|Burn player each|Counters matter|Group hug|Group slug|Ramp|Repeatable artifact tokens|Repeatable noncreature tokens|Repeatable token generator|Repeatable treasures|Triggered ability
Desert,Burn|Burn creature|Hate|Hate attacker|Pinger|Removal|Removal burn|Removal creature|Repeatable crime|Repeatable removal|Spot removal
Desert of the Fervent,Card advantage|Cycle|Cycle cycling land|Cycle hou desert cycling land|Cycle land|Cycle mono land|Draw|Hand neutral|Pure draw
Desert's Due,Combat trick|Removal|Removal creature|Removal toughness|Single target instant/sorcery|Spot removal|Synergy desert
Deserted Beach,Cycle|Cycle dual land|Cycle land|Cycle mid slowland|Cycle slowland|Dual land|Lands matter
Desolate Mire,Cycle|Cycle dual land|Cycle land|Cycle ody filterland|Cycle pip enemy filterland|Dual land|Filterland|Mana filter
Despark,Cycle|Cycle war u two color spell|Removal|Removal artifact|Removal aura|Removal battle|Removal creature|Removal enchantment|Removal equipment|Removal exile|Removal nonland|Removal planeswalker|Removal spacecraft|Removal vehicle|Single target instant/sorcery|Spot removal
Desperate Bloodseeker,Lifegain|Mill|Mill any|Mill opponent|Mill self|Triggered ability
Desperate Ritual,Ramp|Ritual|Synergy arcane
Destroy Evil,Doomblade|Hate|Hate high pt|Removal|Removal creature|Removal destroy|Removal enchantment|Single target instant/sorcery|Spot removal
Detection Tower,
Determined Iteration,Copy|Copy token|Delayed triggered ability|Repeatable creature tokens|Repeatable token generator|Synergy token|Synergy token creature|Triggered ability
Detonate,Burn|Burn player|Mana value matters|Removal|Removal artifact|Removal destroy|Single target instant/sorcery|Spot removal
Detritivore,Cards in graveyard matter|Castable from exile|Castable from nonhand|Cda power|Cda toughness|Characteristic defining ability|Cycle|Cycle plc suspend x creature|Exile self|Gains haste|Hate|Hate nonbasic land|Lands in graveyard matter|Removal|Removal destroy|Removal land|Repeatable removal|Spot removal|Trigger from exile|Triggered ability|Unexile
Devil's Play,Burn|Burn any|Burn battle|Burn creature|Burn planeswalker|Burn player|Burn with set's mechanic|Castable from graveyard|Castable from nonhand|Cycle|Cycle isd r flashback|Exile self|Removal|Removal burn|Removal creature|Removal planeswalker|Single target instant/sorcery
Devoted Duelist,Burn|Burn player|Cast trigger|Cast trigger you|Group slug|Pinger|Second spell matters|Triggered ability
Diabolic Intent,Sacrifice outlet|Sacrifice outlet creature|Tutor|Tutor card|Tutor to|Tutor to hand
Diabolic Revelation,Tutor|Tutor card|Tutor to|Tutor to hand
Diabolic Tutor,Tutor|Tutor card|Tutor to|Tutor to hand
Diamond Lion,Discard outlet|Mana dork egg|Mana producer|Ramp|Sacrifice self
Diamond Pick-Axe,Attack trigger|Combat ramp|Ramp|Repeatable artifact tokens|Repeatable noncreature tokens|Repeatable token generator|Repeatable treasures|Synergy attacker|Triggered ability
Dictate of Erebos,Cycle|Cycle jou dictate|Death trigger|Grave pact|Leaves battlefield trigger|Multi removal|Namesake spell|Removal|Removal creature|Removal sacrifice|Repeatable removal|Spot removal|Triggered ability
Dictate of the Twin Gods,Cycle|Cycle jou dictate|Damage multiplier
"Dihada, Binder of Wills",Card advantage|Face commander|Gives haste|Gives indestructible|Gives lifelink|Impulse|Impulse legendary|Lifegain|Mill|Mill self|Mulch|Non creature commander|Ramp|Repeatable artifact tokens|Repeatable crime|Repeatable impulse|Repeatable mulch|Repeatable noncreature tokens|Repeatable token generator|Repeatable treasures|Synergy legendary|Theft|Theft nonland|Untapper|Untapper nonland
Dimir Signet,Cycle|Cycle rav signet|Mana filter|Mana producer|Mana rock|Ramp
Dire Flail,Attack trigger|Burn|Burn creature|Exile self|Graveyard fuel|Graveyard fuel artifact|One sided fight|Power matters|Removal|Removal burn|Removal creature|Repeatable removal|Sacrifice outlet|Sacrifice outlet artifact|Synergy artifact|Synergy attacker|Triggered ability
Diregraf Captain,Anthem|Cycle|Cycle dka draft signpost|Cycle dka monster lord|Death trigger|Draft signpost|Leaves battlefield trigger|Opponent loses life|Power boost to all|Repeatable crime|Triggered ability|Typal creature|Typal zombie
Diregraf Colossus,Cast trigger|Cast trigger you|Cycle|Cycle soi typal lord|Repeatable creature tokens|Repeatable token generator|Triggered ability|Typal creature|Typal zombie
Disdainful Stroke,Counterspell|Single target instant/sorcery
Disenchant,Disenchant/naturalize|Removal|Removal artifact|Removal destroy|Removal enchantment|Single target instant/sorcery|Spot removal|Tmp storyline in cards|Usg storyline in cards
Dismantling Wave,Card advantage|Cycle trigger self|Disenchant/naturalize|Draw|Hand neutral|Multi removal|Multiple targets|Pure draw|Removal|Removal artifact|Removal destroy|Removal enchantment|Single target instant/sorcery|Spot removal|Sweeper|Triggered ability
Dismember,Alternate cost life|Discount self|Life payment|Phyrexian mana cost|Removal|Removal creature|Removal toughness|Single target instant/sorcery|Spot removal
Display of Power,Copy|Copy instant|Copy sorcery|Multiple targets|Single target instant/sorcery|Uncopiable spell
Divine Resilience,Combat trick|Gives indestructible|Multiple targets|Protects creature|Single target instant/sorcery
Dollmaker's Shop // Porcelain Gallery,Attack trigger|Creature count matters|Cycle|Cycle dsk m room|Repeatable creature tokens|Repeatable token generator|Synergy attacker|Triggered ability|Warlord
Dominating Vampire,Gives haste|Theft|Triggered ability|Typal creature|Typal vampire|Untapper|Untapper creature
Doomed Necromancer,Reanimate|Reanimate creature|Recursion|Recursion creature|Sacrifice self
Doomsday,Doctor who episode name|Extract|Library manipulation|Life divider|Life payment|Recursion|Restock to top|Top deck manipulation|Tutor|Tutor card|Tutor to|Tutor to top
Door of Destinies,Anthem|Cast trigger|Cast trigger you|Power boost to all|Triggered ability|Typal choose|Typal creature
Dormant Volcano,Bounce|Bounceland|Cycle|Cycle land|Cycle mono land|Cycle vis karoo land|Rescue land|Synergy mountain|Triggered ability
Doublecast,Cast trigger|Cast trigger you|Copy|Copy instant|Copy sorcery|Delayed triggered ability|Triggered ability
Dovin's Veto,Counterspell|Counterspell noncreature|Cycle|Cycle war u two color spell|Hate|Hate counterspell|Namesake spell|Single target instant/sorcery
Downhill Charge,Alternate cost sacrifice|Combat trick|Lands matter|Sacrifice outlet|Sacrifice outlet land|Single target instant/sorcery|Synergy mountain
Draconic Destiny,Gives evasion|Gives flying|Gives haste|Mana sink|Triggered ability
Dragon Mantle,Cantrip|Card advantage|Cycle|Cycle ths cantrip aura|Draw|Hand neutral|Mana sink|Pure draw|Triggered ability
Dragon's Claw,Cast trigger|Cycle|Cycle dst lucky charm|Hate|Hate color|Hate red|Lifegain|Synergy red|Triggered ability
Dragon's Rage Channeler,Card types in graveyard matter|Cards in graveyard matter|Cast trigger|Cast trigger you|Evasion|Library manipulation|Mill|Mill self|Mix and match|Peek|Peek library|Surveil|Synergy noncreature|Top deck manipulation|Triggered ability
Dragonfire Blade,Gives hexproof|Hate|Hate color|Hate monocolor|Synergy color each|Synergy multicolor
"Dragonhawk, Fate's Tempest",Attack trigger|Burn|Burn player|Card advantage|Cycle blb m mono legend|Delayed triggered ability|Evasion|Gives castable from exile|Gives castable from nonhand|Group slug|Impulsive draw|Power matters|Repeatable impulsive draw|Synergy attacker self|Triggered ability
Dragonrage,Combat ramp|Mana sink|Power boost to all|Ramp|Ritual|Synergy attacker
Dragonskull Summit,Cycle|Cycle checkland|Cycle dual land|Cycle land|Cycle m10 checkland|Dual land|Synergy mountain|Synergy swamp
Drana and Linvala,Cycle mom two color team up|Evasion|Legendary team up|Mimic|Prevent activation
Drana's Emissary,Cycle|Cycle bfz draft signpost|Draft signpost|Drain life|Evasion|Group slug|Inverted effects|Lifegain|Namesake spell|Opponent loses life|Triggered ability
"Drana, Kalastria Bloodchief",Alt commander|Cycle|Cycle c14 alt commander|Drain strength|Evasion|Inverted effects|Mana sink|Removal|Removal creature|Removal toughness|Repeatable removal|Spot removal
"Drana, Liberator of Malakir",Evasion|Gives pp counters to all|Power boost to all|Slith ability|Synergy attacker|Triggered ability
"Drana, the Last Bloodchief",Attack trigger|Cycle|Cycle znr m mono legend|Evasion|Indefinite effect|Opponent chooses|Reanimate|Reanimate creature|Recursion|Recursion creature|Synergy attacker self|Triggered ability
Drannith Magistrate,Hate|Hate cascade|Hate flashback|Hatebear|Prevent cast
Dread Return,Castable from graveyard|Castable from nonhand|Exile self|Manaless value|Reanimate|Reanimate creature|Recursion|Recursion creature|Sacrifice outlet|Sacrifice outlet creature|Single target instant/sorcery
Dreadbore,Cycle|Cycle rvr r guild spell|Removal|Removal creature|Removal destroy|Removal planeswalker|Single target instant/sorcery|Spot removal
Dreadhorde Arcanist,Attack trigger|Free cast another|Gives castable from graveyard|Gives castable from nonhand|Power matters|Power matters self|Recursion|Recursion instant|Recursion sorcery|Synergy attacker self|Synergy instant|Synergy sorcery|Triggered ability
Dreadwing Scavenger,Attack trigger|Card advantage|Cards in graveyard matter|Cycle|Cycle fdn draft signpost|Discard outlet|Draft signpost|Draw|Evasion|Gains deathtouch|Hand negative|Loot|Synergy attacker self|Triggered ability
Dream Trawler,Attack trigger|Card advantage|Cycle|Cycle thb r m two color|Discard outlet|Draw|Draw matters|Evasion|Gains hexproof|Lifegain|Pure draw|Repeatable draw|Synergy attacker self|Triggered ability
Dreamdrinker Vampire,Counters matter|Evasion|Lifegain|Triggered ability
"Drivnod, Carnage Dominus",Cycle|Cycle one dominus|Death trigger|Gains indestructible|Graveyard fuel|Graveyard fuel creature|Indestructible counter|Keyword counter|Leaves battlefield trigger|Trigger doubler|Triggered ability|Unique p/t
Drogskol Reaver,Card advantage|Curiosity|Curiosity like|Cycle|Cycle dka m monster|Draw|Evasion|Lifegain|Lifegain matters|Pure draw|Repeatable draw|Triggered ability
Drossforge Bridge,Cycle|Cycle dual land|Cycle land|Cycle mh2 bridge|Dual land
Drown in the Loch,Cards in graveyard matter|Counterspell|Counterspell with set mechanic|Cycle|Cycle eld draft signpost|Cycle eld u two color|Draft signpost|Removal|Removal creature|Removal destroy|Single target instant/sorcery|Spot removal|Synergy mill
Drowned Catacomb,Cycle|Cycle checkland|Cycle dual land|Cycle land|Cycle m10 checkland|Dual land|Synergy island|Synergy swamp
Drumbellower,Evasion|Extra untap|Untapper|Untapper creature
Dualcaster Mage,Copy|Copy instant|Copy sorcery|Triggered ability
Dunes of the Dead,Death trigger|Death trigger self|Leaves battlefield trigger|Triggered ability
Dusk Legion Duelist,Card advantage|Counters matter|Draw|Pure draw|Repeatable draw|Triggered ability
Dusk Legion Sergeant,Death trigger|Evasion|Gives persist|Leaves battlefield trigger|Protects creature|Sacrifice self|Triggered ability|Typal creature|Typal vampire
Dusk Legion Zealot,Cantrip|Card advantage|Draw|Hand neutral|Life for cards|Life payment|Pure draw|Triggered ability
Duskborne Skymarcher,Evasion|Synergy attacker|Typal creature|Typal vampire
Dust Corona,Gives evasion|Hate|Hate flying
Duty Beyond Death,Combat trick|Gives indestructible|Gives pp counters to all|Power boost to all|Protects creature|Sacrifice outlet|Sacrifice outlet creature
Dwarven Mine,Cycle|Cycle eld adamant land|Cycle land|Cycle mono land|Nonbasic basic land type|Synergy mountain|Triggered ability
Dwarven Ruins,Cycle|Cycle fem sacland|Cycle land|Cycle mono land|Ramp|Sacrifice self
Earthquake,Burn|Burn creature|Burn player|Burn player each|Group slug|Removal|Removal burn|Removal creature|Sweeper
Eaten Alive,Alternate cost sacrifice|Removal|Removal creature|Removal exile|Removal planeswalker|Sacrifice outlet|Sacrifice outlet creature|Single target instant/sorcery|Spot removal
Ebony Fly,Animate|Animate self|Attack trigger|Evasion|Gives evasion|Gives flying|Mana producer|Mana rock|Ramp|Synergy attacker|Synergy attacker self|Triggered ability
Echo of Dusk,Cards in graveyard matter|Gains lifelink|Lifegain
Edgar's Awakening,Card advantage|Discard matters|Hand neutral|Namesake spell|Reanimate|Reanimate creature|Recursion|Recursion creature|Regrowth creature|Single target instant/sorcery|Triggered ability
"Edgar, Charmed Groom",Anthem|Cheat death self|Cycle|Cycle vow r two color legend|Death trigger|Death trigger self|Leaves battlefield trigger|Lifegain|Namesake spell|Power boost to all|Repeatable creature tokens|Repeatable token generator|Triggered ability|Typal creature|Typal vampire
Eerie Interlude,Delayed triggered ability|Flicker|Flicker creature|Flicker slow|Multiple targets|Protects creature|Single target instant/sorcery|Triggered ability
Eidolon of the Great Revel,Burn|Burn player|Cast trigger|Hate|Hatebear|Mana value matters|Triggered ability
"Eiganjo, Seat of the Empire",Burn|Burn creature|Cycle|Cycle land|Cycle mono land|Cycle neo legendary land|Hate|Hate attacker|Hate blocker|Removal|Removal burn|Removal creature|Spot removal|Synergy legendary
"Elas il-Kor, Sadistic Pilgrim",Blood artist ability|Creaturefall|Cycle|Cycle dmu draft signpost|Cycle dmu mn signpost|Death trigger|Draft signpost|Drain life|Group slug|Inverted effects|Leaves battlefield trigger|Lifegain|Opponent loses life|Soul warden ability|Thingfall|Triggered ability
Eldrazi Monument,Anthem|Gives evasion|Gives flying|Gives indestructible|Power boost to all|Protects creature|Sacrifice outlet|Sacrifice outlet creature|Triggered ability
Electric Revelation,Card advantage|Castable from graveyard|Castable from nonhand|Discard outlet|Draw|Exile self|Hand neutral|Hand positive
Electrickery,Burn|Burn creature|Burn with set's mechanic|Removal|Removal burn|Removal creature|Single target instant/sorcery|Spot removal|Sweeper|Sweeper one sided
Electro's Bolt,Burn|Burn creature|Castable from graveyard|Castable from nonhand|Discard matters|Namesake spell|Removal|Removal burn|Removal creature|Spot removal
"Electro, Assaulting Battery",Burn|Burn player|Cast trigger|Cast trigger you|Evasion|Leaves battlefield trigger|Leaves trigger self|Mana producer|Mana storage|Non mana ability mana|Ramp|Synergy instant|Synergy sorcery|Triggered ability
Electrodominance,Burn|Burn any|Burn battle|Burn creature|Burn planeswalker|Burn player|Cost ignorer|Free cast another|Removal|Removal burn|Removal creature|Removal planeswalker|Single target instant/sorcery
Electroduplicate,Castable from graveyard|Castable from nonhand|Copy|Copy creature|Exile self|Single target instant/sorcery|Triggered ability
Electrostatic Field,Burn|Burn player|Cast trigger|Cast trigger you|Group slug|Synergy instant|Synergy sorcery|Triggered ability
Elegant Parlor,Cycle|Cycle dual land|Cycle dual surveil land|Cycle land|Dual land|Library manipulation|Mill|Mill self|Nonbasic basic land type|Peek|Peek library|Surveil|Top deck manipulation|Triggered ability
Elenda's Hierophant,Death trigger|Death trigger self|Evasion|Leaves battlefield trigger|Lifegain matters|Namesake spell|Power matters|Power matters self|Pridemate|Triggered ability
"Elenda, Saint of Dusk",Cycle|Cycle fdn r two color|Evasion|Hate|Hate instant|Life total matters self|Lifegain|Lifegain matters
"Elenda, the Dusk Rose",Death trigger|Death trigger self|Leaves battlefield trigger|Lifegain|Power matters|Power matters self|Triggered ability
"Elesh Norn, Grand Cenobite",Anthem|Cycle|Cycle nph praetor|Inverted effects|Persecution effect|Power boost to all|Removal|Removal creature|Removal toughness|Repeatable removal|Sweeper|Sweeper one sided
Elspeth Tirel,Creature count matters|Eponymous planeswalker|Lifegain|Removal|Removal artifact|Removal aura|Removal battle|Removal creature|Removal destroy|Removal enchantment|Removal equipment|Removal nonland|Removal planeswalker|Removal spacecraft|Removal vehicle|Repeatable creature tokens|Repeatable removal|Repeatable token generator|Sweeper|Synergy token
"Elspeth, Storm Slayer",Gives evasion|Gives flying|Gives pp counters to all|Mana value matters|Passive ability|Power boost to all|Removal|Removal creature|Removal destroy|Repeatable creature tokens|Repeatable crime|Repeatable removal|Repeatable token generator|Spot removal|Token doubler|Token increaser
Embrace the Unknown,Card advantage|Castable from graveyard|Castable from nonhand|Discard outlet|Discard outlet land|Draw|Gives castable from exile|Gives castable from nonhand|Impulsive draw|Repeatable draw|Repeatable impulsive draw
Emergence Zone,Gives flash|Sacrifice self
Emeria's Call,Cycle|Cycle land|Cycle mono land|Cycle znr boltland|Gives indestructible|Life payment|Multiple bodies|Namesake spell|Protects creature|Typal creature|Typal non angel
"Emet-Selch, Unsundered",Attack trigger|Card advantage|Cards in graveyard matter|Discard outlet|Draw|Gives castable from graveyard|Gives castable from nonhand|Hand negative|Loot|Reanimate|Reanimate cast|Reanimate permanent|Recursion|Recursion permanent|Synergy attacker self|Triggered ability
End the Festivities,Burn|Burn creature|Burn planeswalker|Burn player|Group slug|Removal|Removal burn|Removal creature|Removal planeswalker|Sweeper|Sweeper one sided
Endless Atlas,Card advantage|Draw|Pure draw|Repeatable draw
Endrider Spikespitter,Card advantage|Gives castable from exile|Gives castable from nonhand|Impulsive draw|Life loss matters|Repeatable impulsive draw|Triggered ability
Enduring Courage,Cheat death self|Creaturefall|Cycle|Cycle dsk glimmer|Death trigger|Death trigger self|Gives haste|Leaves battlefield trigger|Thingfall|Triggered ability
Enduring Innocence,Card advantage|Cheat death self|Creaturefall|Cycle|Cycle dsk glimmer|Death trigger|Death trigger self|Draw|Leaves battlefield trigger|Lifegain|Power matters|Pure draw|Repeatable draw|Thingfall|Triggered ability
Enduring Tenacity,Cheat death self|Cycle|Cycle dsk glimmer|Death trigger|Death trigger self|Leaves battlefield trigger|Lifegain matters|Lifegain to damage|Opponent loses life|Repeatable crime|Triggered ability
Enlightened Tutor,Cycle|Cycle 1mv tutor|Cycle ema tutor|Library manipulation|Top deck manipulation|Tutor|Tutor artifact|Tutor enchantment|Tutor to|Tutor to top
Enrage,Combat trick|Single target instant/sorcery
Ensnared by the Mara,Burn|Burn player|Card advantage|Consult cast|Free cast another|Gives castable from exile|Gives castable from nonhand|Mana value matters|Mill|Mill exile|Mill opponent|Punisher|Theft|Theft cast
Ensnaring Bridge,Catch up|Hand size matters|Hate|Hate high pt|Prevent attack|Sth storyline in cards
Entomb,Tutor|Tutor card|Tutor to|Tutor to graveyard
Epicure of Blood,Group slug|Lifegain matters|Lifegain to damage|Opponent loses life|Triggered ability
Erebor Flamesmith,Burn|Burn player|Cast trigger|Cast trigger you|Group slug|Pinger|Synergy instant|Synergy sorcery|Triggered ability
"Erebos, God of the Dead",Card advantage|Cycle|Cycle ths major god|Draw|Hate|Hate lifegain|Indestructible god|Life for cards|Life payment|Pure draw|Repeatable draw|Synergy black
Escape Tunnel,Fetchland|Gives evasion|Manaless land|Sacrifice self|Tutor|Tutor land|Tutor land basic|Tutor land to battlefield|Tutor to|Tutor to battlefield
Esper Sentinel,Card advantage|Cast tax|Cast trigger|Cast trigger other|Draw|Hate|Hatebear|Power matters|Power matters self|Pure draw|Repeatable draw|Rhystic|Triggered ability
"Etali, Primal Storm",Attack trigger|Cost ignorer|Cycle|Cycle rix elder dinosaur|Free cast another|Gives castable from exile|Gives castable from nonhand|Mill|Mill exile|Mill opponent|Synergy attacker self|Theft|Theft cast|Triggered ability
Etchings of the Chosen,Anthem|Combat trick|Cycle|Cycle mh1 draft signpost|Draft signpost|Gives indestructible|Power boost to all|Protects creature|Sacrifice outlet|Sacrifice outlet creature|Typal choose|Typal creature
Eternity Vessel,Counters matter|Landfall|Lands matter|Lifegain matters|Triggered ability
Ever After,Cost ignorer|Indefinite effect|Multiple targets|Reanimate|Reanimate creature|Recursion|Recursion creature|Single target instant/sorcery|Tuck self
"Evereth, Viceroy of Plunder",Burn|Burn player|Death trigger|Death trigger self|Evasion|Free sacrifice outlet|Gains lifelink|Leaves battlefield trigger|Lifegain|Power matters|Power matters self|Sacrifice outlet|Sacrifice outlet artifact|Sacrifice outlet creature|Synergy artifact|Synergy treasure|Triggered ability
Everybody Lives!,Damage prevention|Damage prevention player|Fog|Gives hexproof|Gives indestructible|Prevents win/loss
Everything Comes to Dust,Convoke|Discount self|Removal|Removal artifact|Removal creature|Removal enchantment|Removal exile|Sweeper|Sweeper one sided|Synergy color share|Synergy white|Tap fuel creature|Tap outlet|Typal creature|Typal share
Evolving Wilds,Fetchland|Manaless land|Sacrifice self|Tutor|Tutor land|Tutor land basic|Tutor land to battlefield|Tutor to|Tutor to battlefield
Exalted Sunborn,Castable from exile|Castable from nonhand|Delayed triggered ability|Evasion|Exile self|Lifegain|Token doubler|Token increaser|Triggered ability|Unexile
Excalibur II,Lifegain matters|Pridemate|Roman numeral|Triggered ability
"Excalibur, Sword of Eden",Alternate equip cost|Discount self|Mana value matters|Synergy artifact|Synergy historic|Synergy legendary|Synergy saga
Exhume,Reanimate|Reanimate creature|Recursion|Recursion creature
Exorcise,Disenchant/naturalize|Hate|Hate high pt|Power matters|Removal|Removal artifact|Removal creature|Removal enchantment|Removal exile|Single target instant/sorcery|Spot removal
Exotic Orchard,
Expedite,Cantrip|Card advantage|Draw|Gives haste|Hand neutral|Pure draw|Single target instant/sorcery
Expedition Map,Egg|Sacrifice self|Tutor|Tutor land|Tutor land any|Tutor to|Tutor to hand
Exquisite Blood,Life loss matters|Lifegain|Triggered ability
Exsanguinate,Drain life|Group slug|Inverted effects|Lifegain|Opponent loses life
Exsanguinator Cavalry,Card advantage|Discard outlet|Draw|Evasion|Lifegain|Repeatable artifact tokens|Repeatable blood|Repeatable noncreature tokens|Repeatable token generator|Slith ability|Triggered ability|Typal creature|Typal knight
Extraplanar Lens,Mana increaser|Ramp|Synergy monocolor|Triggered ability
Fable of the Mirror-Breaker,Attack trigger|Card advantage|Combat ramp|Copy|Copy creature|Delayed triggered ability|Discard outlet|Draw|Exile self|Exile self dfc transform|Mana dork|Mana producer|Namesake spell|Pillage effect|Ramp|Repeatable artifact tokens|Repeatable noncreature tokens|Repeatable token generator|Repeatable treasures|Synergy attacker|Triggered ability
Fabled Passage,Fetchland|Lands matter|Manaless land|Sacrifice self|Tutor|Tutor land|Tutor land basic|Tutor land to battlefield|Tutor to|Tutor to battlefield
Faerie Macabre,Evasion|Hate|Hate graveyard|Manaless value|Multiple targets
Faerie Mastermind,Card advantage|Draw|Draw hate|Draw matters|Evasion|Group hug|Guest designer|Hate|Mana sink|Pure draw|Repeatable draw|Second draw matters|Triggered ability
"Fain, the Broker",Counter fuel other|Counters matter|Cycle|Cycle c21 mono legend|Mana dork|Mana producer|Mana sink|Ramp|Repeatable artifact tokens|Repeatable creature tokens|Repeatable noncreature tokens|Repeatable token generator|Repeatable treasures|Sacrifice outlet|Sacrifice outlet artifact|Sacrifice outlet creature|Synergy artifact
Faithful Mending,Card advantage|Castable from graveyard|Castable from nonhand|Cycle|Cycle mid u flashback|Discard outlet|Draw|Exile self|Hand negative|Lifegain|Loot
Faithless Looting,Card advantage|Castable from graveyard|Castable from nonhand|Discard outlet|Draw|Exile self|Hand negative|Loot
Faithless Salvaging,Card advantage|Castable from exile|Castable from nonhand|Delayed triggered ability|Discard outlet|Draw|Exile self|Hand negative|Triggered ability|Unexile
Falkenrath Aristocrat,Cycle|Cycle 2xm r two color|Cycle dka m monster|Cycle mm3 r two color|Evasion|Free sacrifice outlet|Gains indestructible|Sacrifice outlet|Sacrifice outlet creature|Typal creature|Typal human|Type addition noble
Falkenrath Celebrants,Card advantage|Discard outlet|Draw|Evasion|Triggered ability
Falkenrath Forebear,Card advantage|Discard outlet|Draw|Evasion|Reanimate|Reanimate self|Recursion|Recursion self|Repeatable artifact tokens|Repeatable blood|Repeatable noncreature tokens|Repeatable token generator|Synergy blood|Triggered ability
Falkenrath Gorger,Cycle|Cycle soi typal lord|Discard matters|Gives castable from exile|Gives castable from nonhand|Gives madness|Typal creature|Typal vampire
Falkenrath Noble,Blood artist ability|Death trigger|Drain life|Evasion|Inverted effects|Leaves battlefield trigger|Lifegain|Opponent loses life|Repeatable crime|Triggered ability|Type addition noble
Falkenrath Pit Fighter,Card advantage|Discard outlet|Draw|Hand neutral|Life loss matters|Sacrifice outlet|Sacrifice outlet creature|Typal creature|Typal vampire
Falkenrath Torturer,Evasion|Free sacrifice outlet|Jump|Sacrifice outlet|Sacrifice outlet creature|Typal creature|Typal human
Fallen Ferromancer,Burn|Burn any|Burn battle|Burn creature|Burn planeswalker|Burn player|Pinger|Removal|Removal burn|Removal creature|Removal planeswalker|Repeatable crime|Repeatable removal
Fanatical Firebrand,Bombard self|Burn|Burn any|Burn battle|Burn creature|Burn planeswalker|Burn player|Removal|Removal burn|Removal creature|Removal planeswalker|Sacrifice self
Farewell,Hate|Hate graveyard|Removal|Removal artifact|Removal creature|Removal enchantment|Removal exile|Sweeper|Sweeper graveyard
Farsight Mask,Card advantage|Draw|Pillowfort|Pure draw|Repeatable draw|Retaliate to damage|Triggered ability
Fatal Frenzy,Combat trick|Delayed triggered ability|Gives trample|Power doubler|Power matters|Single target instant/sorcery|Triggered ability
Fatal Push,Removal|Removal creature|Removal destroy|Self replacement effect|Single target instant/sorcery|Spot removal
Fear of Burning Alive,Burn|Burn creature|Burn player|Card types in graveyard matter|Cards in graveyard matter|Group slug|Removal|Removal burn|Removal creature|Repeatable crime|Repeatable removal|Spot removal|Synergy burn|Triggered ability
Fear of Missing Out,Attack trigger|Card advantage|Card types in graveyard matter|Cards in graveyard matter|Discard outlet|Draw|Extra combat phase|Hand negative|Synergy attacker self|Triggered ability|Untapper|Untapper creature
"Fear, Fire, Foes!",Burn|Burn creature|Removal|Removal burn|Removal creature|Single target instant/sorcery|Spot removal|Sweeper|Sweeper one sided|Unpreventable damage
Feast of Blood,Casting restriction|Lifegain|Removal|Removal creature|Removal destroy|Single target instant/sorcery|Spot removal|Typal creature|Typal vampire
Feed the Infection,Burst draw|Card advantage|Draw|Group slug|Hand positive|Life for cards|Life payment|Opponent loses life|Pure draw|Synergy poison
Feed the Swarm,Life payment|Removal|Removal creature|Removal destroy|Removal enchantment|Single target instant/sorcery|Spot removal
Feign Death,Death trigger|Leaves battlefield trigger|Protects creature|Single target instant/sorcery|Triggered ability
"Felisa, Fang of Silverquill",Alt commander|Counters matter|Cycle|Cycle c21 alt commander|Death trigger|Evasion|Leaves battlefield trigger|Power matters|Power matters self|Repeatable creature tokens|Repeatable token generator|Synergy attacker|Synergy attacker self|Triggered ability
Fell,Removal|Removal creature|Removal destroy|Single target instant/sorcery|Spot removal
Fell the Mighty,Hate|Hate high pt|Power matters|Removal|Removal creature|Removal destroy|Single target instant/sorcery|Sweeper
Fell the Profane,Cycle|Cycle land|Cycle mh3 mdfc mono land|Cycle mono land|Life payment|Removal|Removal creature|Removal destroy|Removal planeswalker|Single target instant/sorcery|Spot removal
Fellwar Stone,Mana producer|Mana rock|Ramp
Felonious Rage,Combat trick|Death trigger|Delayed triggered ability|Gives haste|Leaves battlefield trigger|Single target instant/sorcery|Triggered ability
Fencer's Magemark,Anthem|Cycle|Cycle gpt magemark|Power boost to all|Synergy aura
Fervent Paincaster,Burn|Burn creature|Burn planeswalker|Burn player|Pinger|Removal|Removal burn|Removal creature|Removal planeswalker|Repeatable crime|Repeatable removal|Spot removal
Fervor,Gives haste
Festival of Embers,Gives castable from graveyard|Gives castable from nonhand|Life payment|Recursion|Sacrifice self|Synergy instant|Synergy sorcery
Fetid Heath,Cycle|Cycle dual land|Cycle eve filterland|Cycle hybrid filterland|Cycle land|Dual land|Filterland|Mana filter
Field of Ruin,Fetchland|Hate|Hate nonbasic land|Removal|Removal destroy|Removal land|Sacrifice self|Spot removal|Tutor|Tutor land|Tutor land basic|Tutor land to battlefield|Tutor to|Tutor to battlefield
Field of the Dead,Differently named lands matter|Landfall|Lands matter|Repeatable creature tokens|Repeatable token generator|Thingfall|Triggered ability
Fiendish Duo,Cycle|Cycle gn2 mythic|Damage multiplier|Multiplayer
Fiendlash,Burn|Burn planeswalker|Burn player|Removal|Removal burn|Removal planeswalker|Repeatable removal|Triggered ability
Fierce Guardianship,Counterspell|Counterspell free|Counterspell noncreature|Counterspell with set mechanic|Cycle|Cycle c20 free spell|Manaless value|Potentially free|Single target instant/sorcery|Synergy commander
Fiery Confluence,Burn|Burn creature|Burn player|Cycle|Cycle c15 confluence|Group slug|Multi removal|Multiple targets|Removal|Removal artifact|Removal burn|Removal creature|Removal destroy|Single target instant/sorcery|Spot removal|Sweeper
Fiery Emancipation,Damage multiplier
Fiery Inscription,Burn|Burn player|Cast trigger|Cast trigger you|Gives evasion|Group slug|Synergy instant|Synergy sorcery|Triggered ability
Fight On!,Card advantage|Hand positive|Recursion|Recursion creature|Regrowth creature|Single target instant/sorcery
Fight with Fire,Burn|Burn any|Burn battle|Burn creature|Burn planeswalker|Burn player|Burn with set's mechanic|Multi removal|Multiple targets|Removal|Removal burn|Removal creature|Removal planeswalker|Single target instant/sorcery
Final Fortune,Alternate loss condition|Delayed triggered ability|Extra turn|Last chance|Triggered ability
Final Showdown,Combat trick|Gives indestructible|Humble|Protects creature|Pseudo fog|Removal|Removal creature|Removal destroy|Sweeper
Finale of Promise,Copy|Copy instant|Copy sorcery|Cycle|Cycle war finale|Free cast another|Gives castable from graveyard|Gives castable from nonhand|Instant sorcery dichotomous|Multiple targets|Recursion|Recursion instant|Recursion sorcery|Single target instant/sorcery|Synergy instant|Synergy sorcery
Fire Covenant,Burn|Burn creature|Life payment|Multi removal|Multiple targets|Removal|Removal burn|Removal creature|Single target instant/sorcery|Spot removal
Fire Diamond,Cycle|Cycle mir diamond|Mana producer|Mana rock|Ramp
Fire Magic,Burn|Burn creature|Removal|Removal burn|Removal creature|Sweeper
Fire Servant,Cycle|Cycle elemental servant|Damage multiplier|Synergy burn|Synergy instant|Synergy red|Synergy sorcery
Fire Whip,Bombard self|Burn|Burn any|Burn battle|Burn creature|Burn planeswalker|Burn player|Cycle|Cycle wth sac aura|Pinger|Removal|Removal burn|Removal creature|Removal planeswalker|Repeatable crime|Repeatable removal|Sacrifice self
Fireball,Burn|Burn any|Burn battle|Burn creature|Burn planeswalker|Burn player|Multi removal|Multiple targets|Removal|Removal burn|Removal creature|Removal planeswalker|Single target instant/sorcery
Fireblast,Alternate cost sacrifice|Burn|Burn any|Burn battle|Burn creature|Burn planeswalker|Burn player|Removal|Removal burn|Removal creature|Removal planeswalker|Sacrifice outlet|Sacrifice outlet land|Single target instant/sorcery|Synergy mountain
Firebolt,Burn|Burn any|Burn battle|Burn creature|Burn planeswalker|Burn player|Castable from graveyard|Castable from nonhand|Exile self|Removal|Removal burn|Removal creature|Removal planeswalker|Single target instant/sorcery
Firebrand Archer,Burn|Burn player|Cast trigger|Cast trigger you|Group slug|Pinger|Synergy noncreature|Triggered ability
Firebreathing,Mana sink
Fires of Mount Doom,Burn|Burn creature|Burn player|Burn player each|Card advantage|Cast trigger|Cast trigger you|Delayed triggered ability|Gives castable from exile|Gives castable from nonhand|Group slug|Impulsive draw|Mana sink|Multi removal|Removal|Removal burn|Removal creature|Removal destroy|Removal equipment|Repeatable impulsive draw|Spot removal|Triggered ability
Firespitter Whelp,Burn|Burn player|Cast trigger|Cast trigger you|Evasion|Group slug|Synergy noncreature|Triggered ability|Typal creature|Typal dragon
Fists of Flame,Cantrip|Card advantage|Combat trick|Draw|Draw matters|Gives trample|Hand neutral|Pure draw|Single target instant/sorcery
Fit of Rage,Single target instant/sorcery
Flagstones of Trokair,Death trigger|Death trigger self|Leaves battlefield trigger|Triggered ability|Tutor|Tutor land|Tutor land plains|Tutor land to battlefield|Tutor to|Tutor to battlefield
Flame Fusillade,Burn|Burn any|Burn battle|Burn creature|Burn planeswalker|Burn player|Pinger|Removal|Removal burn|Removal creature|Removal planeswalker|Synergy artifact|Tap fuel artifact|Tap fuel creature|Tap fuel land|Tap fuel permanent|Tap outlet
Flame Jab,Burn|Burn any|Burn battle|Burn creature|Burn planeswalker|Burn player|Burn with set's mechanic|Castable from graveyard|Castable from nonhand|Cycle|Cycle eve c retrace|Discard outlet|Discard outlet land|Removal|Removal burn|Removal creature|Removal planeswalker|Repeatable crime|Repeatable removal|Single target instant/sorcery
Flame Rift,Burn|Burn player|Burn player each|Group slug
Flame Slash,Burn|Burn creature|Removal|Removal burn|Removal creature|Single target instant/sorcery|Spot removal
Flamekin Village,Gives haste|Repeatable crime|Typal creature|Typal elemental
Flames of the Firebrand,Burn|Burn any|Burn battle|Burn creature|Burn planeswalker|Burn player|Cycle|Cycle m13 pw hallmark|Multi removal|Multiple targets|Removal|Removal burn|Removal creature|Removal planeswalker|Single target instant/sorcery
Flare,Burn|Burn any|Burn battle|Burn creature|Burn planeswalker|Burn player|Card advantage|Delayed triggered ability|Draw|Hand neutral|Pure draw|Removal|Removal burn|Removal creature|Removal planeswalker|Single target instant/sorcery|Triggered ability
Flare of Duplication,Alternate cost sacrifice|Copy|Copy instant|Copy sorcery|Cycle|Cycle mh3 flare|Manaless value|Sacrifice outlet|Sacrifice outlet creature|Single target instant/sorcery|Synergy red
Flare of Fortitude,Alternate cost sacrifice|Combat trick|Cycle|Cycle mh3 flare|Damage prevention|Damage prevention you|Fog|Fog selective|Gives hexproof|Gives indestructible|Manaless value|Protects creature|Sacrifice outlet|Sacrifice outlet creature|Synergy white
Flaring Pain,Castable from graveyard|Castable from nonhand|Exile self|Unpreventable damage
Flawless Maneuver,Combat trick|Cycle|Cycle c20 free spell|Gives indestructible|Manaless value|Potentially free|Protects creature|Synergy commander
Fleet Swallower,Attack trigger|Mill|Mill any|Mill opponent|Mill self|Synergy attacker self|Triggered ability
Flick a Coin,Burn|Burn any|Burn battle|Burn creature|Burn planeswalker|Burn player|Cantrip|Card advantage|Draw|Hand neutral|Pure draw|Ramp|Removal|Removal burn|Removal creature|Removal planeswalker|Single target instant/sorcery
Fling,Burn|Burn any|Burn battle|Burn creature|Burn planeswalker|Burn player|Fling|Power matters|Removal|Removal burn|Removal creature|Removal planeswalker|Sacrifice outlet|Sacrifice outlet creature|Single target instant/sorcery
Flooded Strand,Cycle|Cycle land|Cycle nonmana land|Cycle ons fetchland|Fetchland|Life payment|Manaless land|Sacrifice self|Tutor|Tutor land|Tutor land island|Tutor land plains|Tutor land to battlefield|Tutor to|Tutor to battlefield
Floodfarm Verge,Cycle|Cycle dsk verge|Cycle dual land|Cycle land|Cycle verge|Dual land|Synergy island|Synergy plains
"Florian, Voldaren Scion",Card advantage|Cycle|Cycle mid r two color legend|Gives castable from exile|Gives castable from nonhand|Impulsive draw|Life loss matters|Repeatable impulsive draw|Triggered ability
Fog on the Barrow-Downs,Pacifism|Prevent attack|Prevent blocker|Removal|Removal creature
Foil,Counterspell|Counterspell free|Cycle|Cycle pcy pitchspell|Discard outlet|Discard outlet land|Manaless value|Single target instant/sorcery|Synergy island
Folk Hero,Alt commander|Card advantage|Cast trigger|Cast trigger you|Cycle|Cycle clb precon background|Draw|Pair commander|Preexisting dnd background|Pure draw|Repeatable draw|Synergy commander|Triggered ability|Typal creature|Typal share
Force of Negation,Counterspell|Counterspell exile|Counterspell free|Counterspell noncreature|Cycle|Cycle mh1 force|Exile from stack|Manaless value|Off turn casting matters|Remove from stack|Self replacement effect|Single target instant/sorcery|Synergy blue
Force of Will,Alternate cost life|Counterspell|Counterspell free|Counterspell with set mechanic|Cycle|Cycle all pitch spell|Interrupt|Life payment|Manaless value|Single target instant/sorcery|Synergy blue
Foreboding Ruins,Cycle|Cycle dual land|Cycle land|Cycle reveal land|Cycle soi reveal land|Dual land|Synergy mountain|Synergy swamp
Forerunner of the Legion,Cycle|Cycle rix forerunner|Library manipulation|Top deck manipulation|Triggered ability|Tutor|Tutor creature|Tutor creature vampire|Tutor to|Tutor to top|Typal creature|Typal vampire
Forge of Heroes,Synergy commander|Synergy planeswalker
Forgeborn Oreads,Burn|Burn any|Burn battle|Burn creature|Burn planeswalker|Burn player|Cycle|Cycle jou nymph|Removal|Removal burn|Removal creature|Removal planeswalker|Repeatable removal|Synergy enchantment|Triggered ability
Forgotten Cave,Card advantage|Cycle|Cycle cycling land|Cycle land|Cycle mono land|Cycle ons m cycling land|Draw|Hand neutral|Pure draw
Fork,Copy|Copy instant|Copy sorcery|Interrupt|Single target instant/sorcery
Forked Bolt,Burn|Burn any|Burn battle|Burn creature|Burn planeswalker|Burn player|Multi removal|Multiple targets|Removal|Removal burn|Removal creature|Removal planeswalker|Single target instant/sorcery
Forlorn Flats,Burn|Burn player|Cycle|Cycle dual land|Cycle land|Cycle otj pingland|Dual land|Triggered ability
Forsaken Sanctuary,Cycle|Cycle dual land|Cycle dual tapland|Cycle land|Cycle soi tapland|Dual land
Foundry Inspector,Cost reducer|Cost reducer artifact|Ramp|Synergy artifact
Fountainport,Card advantage|Draw|Life payment|Mana filter|Mana storage|Pure draw|Ramp|Repeatable artifact tokens|Repeatable creature tokens|Repeatable noncreature tokens|Repeatable token generator|Repeatable treasures|Sacrifice outlet|Sacrifice outlet token
Fracture,Disenchant/naturalize|Removal|Removal artifact|Removal destroy|Removal enchantment|Removal planeswalker|Single target instant/sorcery|Spot removal
Fractured Identity,Copy|Copy artifact|Copy aura|Copy creature|Copy enchantment|Copy equipment|Copy planeswalker|Removal|Removal artifact|Removal aura|Removal battle|Removal creature|Removal enchantment|Removal equipment|Removal exile|Removal nonland|Removal planeswalker|Removal spacecraft|Removal vehicle|Single target instant/sorcery|Spot removal
Frantic Search,Card advantage|Discard outlet|Draw|Hand negative|Loot|Untapper|Untapper land
Free from Flesh,Combat trick|Single target instant/sorcery
Frenzied Rage,Gives evasion
Frostwielder,Burn|Burn any|Burn battle|Burn creature|Burn planeswalker|Burn player|Pinger|Removal|Removal burn|Removal creature|Removal planeswalker|Repeatable crime|Repeatable removal
Full Bore,Combat trick|Gives haste|Gives trample|Single target instant/sorcery|Synergy warp
Funeral Room // Awakening Hall,Blood artist ability|Cycle|Cycle dsk m room|Death trigger|Drain life|Group slug|Inverted effects|Leaves battlefield trigger|Lifegain|Opponent loses life|Reanimate|Reanimate creature|Recursion|Recursion creature|Triggered ability
Furious Rise,Card advantage|Gives castable from exile|Gives castable from nonhand|Impulsive draw|Power matters|Repeatable impulsive draw|Triggered ability
Furnace Punisher,Burn|Burn player|Burn player each|Cares about basic land|Evasion|Group slug|Hate|Hate nonbasic land|Triggered ability
Furnace Skullbomb,Card advantage|Cycle|Cycle one skullbomb|Draw|Egg|Pure draw|Sacrifice self|Synergy artifact
Furnace of Rath,Damage multiplier|Tmp storyline in cards
Fury,Burn|Burn creature|Burn planeswalker|Burn with set's mechanic|Cycle|Cycle mh2 incarnation|Manaless value|Multi removal|Multiple targets|Removal|Removal burn|Removal creature|Removal planeswalker|Spot removal|Synergy red|Triggered ability
Furycalm Snarl,Cycle|Cycle dual land|Cycle land|Cycle reveal land|Cycle stx reveal land|Dual land|Synergy mountain|Synergy plains
Galadriel's Dismissal,Namesake spell|Phasing|Protects creature|Pseudo fog|Single target instant/sorcery
Galvanic Arc,Burn|Burn any|Burn battle|Burn creature|Burn planeswalker|Burn player|Cycle|Cycle rav etb aura|Removal|Removal burn|Removal creature|Removal planeswalker|Triggered ability
Galvanic Blast,Burn|Burn any|Burn battle|Burn creature|Burn planeswalker|Burn player|Burn with set's mechanic|Metalcraft|Removal|Removal burn|Removal creature|Removal planeswalker|Single target instant/sorcery|Synergy artifact
Galvanoth,Free cast another|Gives castable from library|Gives castable from nonhand|Play from top|Synergy instant|Synergy sorcery|Triggered ability
Gamble,Cycle|Cycle 1mv tutor|Cycle ema tutor|Discard outlet|Discard outlet random|Gamble|Tutor|Tutor card|Tutor to|Tutor to hand
Gas Guzzler,Card advantage|Draw|Life loss matters|Plunder|Repeatable draw|Sacrifice outlet|Sacrifice outlet creature|Synergy vehicle|Triggered ability
Gatekeeper of Malakir,Removal|Removal creature|Removal sacrifice|Spot removal|Triggered ability
Gateway Plaza,Rupture spire|Triggered ability
Gauntlet of Power,Anthem|Cares about basic land|Mana increaser|Mana producer|Mana rock|Power boost to all|Ramp|Synergy color choose|Triggered ability
Geier Reach Sanitarium,Card advantage|Discard outlet|Draw|Group hug|Loot
Geistflame,Burn|Burn any|Burn battle|Burn creature|Burn planeswalker|Burn player|Castable from graveyard|Castable from nonhand|Exile self|Removal|Removal burn|Removal creature|Removal planeswalker|Single target instant/sorcery
Geistflame Reservoir,Burn|Burn any|Burn battle|Burn creature|Burn planeswalker|Burn player|Card advantage|Cast trigger|Cast trigger you|Counter fuel charge|Counters matter|Gives castable from exile|Gives castable from nonhand|Impulsive draw|Removal|Removal burn|Removal creature|Removal planeswalker|Repeatable impulsive draw|Repeatable removal|Synergy instant|Synergy sorcery|Triggered ability
Gemstone Caverns,Self replacement effect
"General Kreat, the Boltbringer",Attack trigger|Burn|Burn player|Creaturefall|Group slug|Repeatable creature tokens|Repeatable token generator|Synergy attacker|Triggered ability|Typal creature|Typal goblin
Generator Servant,Buff mana|Gives haste|Mana dork egg|Mana producer|Ramp|Sacrifice self
Generous Gift,Disenchant/naturalize|Removal|Removal artifact|Removal aura|Removal battle|Removal creature|Removal destroy|Removal enchantment|Removal equipment|Removal land|Removal permanent|Removal planeswalker|Removal spacecraft|Removal vehicle|Single target instant/sorcery|Spot removal
Generous Plunderer,Attack trigger|Burn|Burn player|Evasion|Group hug|Hate|Hate artifact|Ramp|Repeatable artifact tokens|Repeatable crime|Repeatable noncreature tokens|Repeatable token generator|Repeatable treasures|Synergy attacker self|Triggered ability
Geothermal Bog,Cycle|Cycle dmu dual land|Cycle dual land|Cycle land|Dual land|Nonbasic basic land type
Get Lost,Library manipulation|Mill|Mill self|Peek|Peek library|Removal|Removal creature|Removal destroy|Removal enchantment|Removal planeswalker|Single target instant/sorcery|Spot removal|Surveil|Top deck manipulation
Ghirapur Orrery,Card advantage|Draw|Extra land|Hand size matters|Hellbent|Play additional land|Pure draw|Ramp|Repeatable draw|Triggered ability
Ghost Quarter,Removal|Removal destroy|Removal land|Sacrifice self|Spot removal|Tutor|Tutor land|Tutor land basic|Tutor land to battlefield|Tutor to|Tutor to battlefield
Ghostfire Slice,Burn|Burn any|Burn battle|Burn creature|Burn planeswalker|Burn player|Cda color|Characteristic defining ability|Discount self|Hate|Hate color|Hate multicolor|Removal|Removal burn|Removal creature|Removal planeswalker|Single target instant/sorcery
Ghostly Pilferer,Card advantage|Cast trigger|Cast trigger other|Discard outlet|Draw|Evasion|Hate|Hate flashback|Inspired|Pure draw|Repeatable draw|Triggered ability|Unblockable
Ghostly Prison,Pillowfort|Tax attack
Ghostway,Delayed triggered ability|Flicker|Flicker creature|Flicker slow|Protects creature|Triggered ability
Giant Cindermaw,Hate|Hate lifegain
Giant Spectacle,Gives evasion
Gibbering Fiend,Burn|Burn player|Card types in graveyard matter|Cards in graveyard matter|Cycle|Cycle soi crazed creature|Group slug|Triggered ability
Gift of Fangs,Cycle|Cycle vow c typal boost|Removal|Removal creature|Removal toughness|Spot removal|Typal creature|Typal vampire
Gifted Aetherborn,French vanilla|Lifegain
Gifts Ungiven,Gifts ungiven|Opponent chooses|Single target instant/sorcery|Tutor|Tutor card|Tutor to|Tutor to graveyard|Tutor to hand
Giggling Skitterspike,Attack trigger|Burn|Burn player|Hate|Hate target|Indefinite effect|Monstrosity|Power matters|Power matters self|Synergy attacker self|Synergy blocker self|Triggered ability
Gilded Lotus,Mana producer|Mana rock|Ramp
Gimli's Fury,Combat trick|Gives trample|Namesake spell|Single target instant/sorcery|Synergy legendary
"Gimli, Counter of Kills",Burn|Burn player|Death trigger|Leaves battlefield trigger|Triggered ability
Glacial Chasm,Damage prevention|Damage prevention you|Life payment|Manaless land|Sacrifice outlet|Sacrifice outlet land|Triggered ability
Glacial Crevasses,Damage prevention|Fog|Free sacrifice outlet|Sacrifice outlet|Sacrifice outlet land|Synergy mountain|Synergy snow
Glacial Fortress,Cycle|Cycle checkland|Cycle dual land|Cycle land|Cycle m10 checkland|Dual land|Synergy island|Synergy plains
Glamdring,Cards in graveyard matter|Free cast another|Synergy instant|Synergy sorcery|Triggered ability
Glass-Cast Heart,Attack trigger|Card advantage|Discard outlet|Drain life|Draw|Egg|Group slug|Inverted effects|Life payment|Lifegain|Opponent loses life|Repeatable artifact tokens|Repeatable blood|Repeatable creature tokens|Repeatable noncreature tokens|Repeatable token generator|Sacrifice self|Synergy attacker|Synergy blood|Triggered ability|Typal creature|Typal vampire
Glasswing Grace,Cycle|Cycle dual land|Cycle land|Cycle mh3 draft signpost|Cycle mh3 mdfc dual land|Draft signpost|Dual land|Gives evasion|Gives flying|Gives lifelink|Lifegain
Glassworks // Shattered Yard,Burn|Burn creature|Burn player|Burn with set's mechanic|Group slug|Pinger|Removal|Removal burn|Removal creature|Spot removal|Triggered ability
Gleaming Overseer,Cycle|Cycle war draft signpost|Draft signpost|Gives evasion|Gives hexproof|Multiple bodies|Protects creature|Synergy token|Synergy token creature|Triggered ability|Typal army|Typal creature|Typal zombie
Gleeful Arsonist,Burn|Burn player|Cast trigger|Cast trigger other|Cheat death self|Counters matter|Death trigger|Death trigger self|Hate|Hate noncreature|Leaves battlefield trigger|Power matters|Power matters self|Triggered ability
Glimpse the Impossible,Card advantage|Delayed triggered ability|Gives castable from exile|Gives castable from nonhand|Impulsive draw|Mill|Mill self|Ramp|Triggered ability
Glint-Horn Buccaneer,Burn|Burn player|Card advantage|Discard matters|Discard outlet|Draw|Group slug|Hand negative|Synergy attacker self|Triggered ability
Glittering Stockpile,Counters matter|Egg|Mana ability with extra effect|Mana egg|Mana producer|Mana rock|Ramp|Sacrifice self
Gloomlake Verge,Cycle|Cycle dsk verge|Cycle dual land|Cycle land|Cycle verge|Dual land|Synergy island|Synergy swamp
Gluttonous Guest,Card advantage|Discard outlet|Draw|Lifegain|Synergy blood|Synergy sacrifice|Triggered ability
Go for the Throat,Doomblade|Removal|Removal creature|Removal destroy|Single target instant/sorcery|Spot removal
Goblin Bombardment,Burn|Burn any|Burn battle|Burn creature|Burn planeswalker|Burn player|Free sacrifice outlet|Removal|Removal burn|Removal creature|Removal planeswalker|Repeatable crime|Repeatable removal|Sacrifice outlet|Sacrifice outlet creature
Goblin Chainwhirler,Burn|Burn creature|Burn planeswalker|Burn player|Cycle|Cycle dom r mmm creature|Group slug|Removal|Removal burn|Removal creature|Removal planeswalker|Sweeper|Sweeper one sided|Triggered ability
Goblin Fireslinger,Burn|Burn planeswalker|Burn player|Pinger|Removal|Removal burn|Removal planeswalker|Repeatable crime|Repeatable removal
Goblin Goliath,Cycle|Cycle gnt mythic|Damage multiplier|Multiplayer|Multiple bodies|Triggered ability
Goblin Sharpshooter,Burn|Burn any|Burn battle|Burn creature|Burn planeswalker|Burn player|Death trigger|Leaves battlefield trigger|Pinger|Removal|Removal burn|Removal creature|Removal planeswalker|Repeatable crime|Repeatable removal|Triggered ability
Goblin War Paint,Gives haste
Goblin Welder,Multiple targets|Reanimate|Reanimate artifact|Recursion|Recursion artifact|Removal|Removal artifact|Removal sacrifice|Repeatable crime|Repeatable removal|Sacrifice outlet|Sacrifice outlet artifact|Spot removal|Synergy artifact
God-Pharaoh's Statue,Cost increaser|Group slug|Namesake spell|Opponent loses life|Triggered ability
Godless Shrine,Cycle|Cycle dual land|Cycle land|Cycle rav shockland|Dual land|Life payment|Nonbasic basic land type|Shockland
Goldmire Bridge,Cycle|Cycle dual land|Cycle land|Cycle mh2 bridge|Dual land
Grab the Prize,Burn|Burn player|Card advantage|Discard outlet|Discarded type matters|Draw|Group slug|Hand neutral
Grafdigger's Cage,Hate|Hate flashback|Hate graveyard|Hate set mechanic
Grafted Wargear,Sacrifice outlet|Sacrifice outlet creature|Triggered ability
Grand Abolisher,Hate|Hate artifact|Hate enchantment|Hate flash|Hatebear|Prevent activation|Prevent cast|Silence
Grand Coliseum,Life payment|Mana ability with extra effect
Granite Grip,Lands matter|Maro sorcerer|Synergy mountain
Grapeshot,Burn|Burn any|Burn battle|Burn creature|Burn planeswalker|Burn player|Burn with set's mechanic|Cast trigger|Cast trigger self|Copy|Copy self|Multi removal|Removal|Removal burn|Removal creature|Removal planeswalker|Single target instant/sorcery|Triggered ability
Gratuitous Violence,Damage multiplier
Grave Pact,Death trigger|Grave pact|Leaves battlefield trigger|Removal|Removal creature|Removal sacrifice|Repeatable removal|Spot removal|Triggered ability
Grave Titan,Attack trigger|Cycle|Cycle m11 titan|Multiple bodies|Repeatable creature tokens|Repeatable token generator|Synergy attacker self|Triggered ability
Graven Cairns,Cycle|Cycle dual land|Cycle fut dual land|Cycle hybrid filterland|Cycle land|Cycle shm filterland|Dual land|Filterland|Mana filter
Gray Merchant of Asphodel,Drain life|Group slug|Inverted effects|Lifegain|Multiplayer|Opponent loses life|Synergy black|Triggered ability
Great Furnace,Cycle|Cycle land|Cycle mono land|Cycle mrd artifact land
Great Hall of the Citadel,Mana filter|Synergy legendary
Great Train Heist,Combat ramp|Combat trick|Delayed triggered ability|Extra combat phase|Extra untap|Power boost to all|Ramp|Single target instant/sorcery|Triggered ability|Untapper|Untapper creature
Grievous Wound,Hate|Hate lifegain|Life divider|Opponent loses life|Triggered ability
Grim Hireling,Combat ramp|Ramp|Removal|Removal creature|Removal toughness|Repeatable artifact tokens|Repeatable crime|Repeatable noncreature tokens|Repeatable removal|Repeatable token generator|Repeatable treasures|Spot removal|Synergy treasure|Triggered ability
Grim Lavamancer,Burn|Burn any|Burn battle|Burn creature|Burn planeswalker|Burn player|Graveyard fuel|Pinger|Removal|Removal burn|Removal creature|Removal planeswalker|Repeatable crime|Repeatable removal
Grim Monolith,Mana producer|Mana rock|Ramp
Grim Tutor,Life payment|Tutor|Tutor card|Tutor to|Tutor to hand
"Grimgrin, Corpse-Born",Attack trigger|Free sacrifice outlet|Removal|Removal creature|Removal destroy|Repeatable crime|Repeatable removal|Sacrifice outlet|Sacrifice outlet creature|Spot removal|Synergy attacker self|Triggered ability
Grimoire of the Dead,Counter fuel aesthetic|Counters matter|Discard outlet|Indefinite effect|Reanimate|Reanimate creature|Reanimate from any|Reanimate from opponent|Recursion|Recursion creature|Theft
Grinning Ignus,Bounce self|Ramp
Guardian of New Benalia,Delayed triggered ability|Discard outlet|Gains indestructible|Library manipulation|Neo regenerate|Peek|Peek library|Power matters|Synergy attacker self|Synergy haste|Tap fuel creature|Tap outlet|Top deck manipulation|Triggered ability
Guildless Commons,Bounce|Bounceland|Rescue land|Triggered ability
Gut Shot,Alternate cost life|Burn|Burn any|Burn battle|Burn creature|Burn planeswalker|Burn player|Discount self|Life payment|Manaless value|Phyrexian mana cost|Removal|Removal burn|Removal creature|Removal planeswalker|Single target instant/sorcery
Guttersnipe,Burn|Burn player|Cast trigger|Cast trigger you|Group slug|Pinger|Synergy instant|Synergy sorcery|Triggered ability
Guul Draz Assassin,Cycle|Cycle roe r leveler|Leveler|Mana sink|Removal|Removal creature|Removal toughness|Repeatable crime|Repeatable removal|Spot removal
Hagra Mauling,Cycle|Cycle land|Cycle mono land|Cycle znr r mdfc|Discount self|Hate|Hate nonbasic land|Removal|Removal creature|Removal destroy|Single target instant/sorcery|Spot removal
Hall of Heliod's Generosity,Cycle|Cycle colorless land|Cycle land|Cycle restock legendary land|Library manipulation|Namesake spell|Recursion|Recursion enchantment|Restock enchantment|Restock to top|Synergy enchantment|Top deck manipulation
Hall of Oracles,Mana filter|Synergy instant|Synergy sorcery
Hallowed Fountain,Cycle|Cycle dual land|Cycle land|Cycle rav shockland|Dual land|Life payment|Nonbasic basic land type|Shockland
Halo Fountain,Alternate win condition|Card advantage|Draw|Pure draw|Repeatable creature tokens|Repeatable draw|Repeatable token generator|Untapper|Untapper creature
Hammer of Nazahn,Auto equip|Gives indestructible|Namesake spell|Protects creature|Synergy equipment|Triggered ability
Hammer of Purphoros,Cycle|Cycle ths god weapon|Gives haste|Namesake spell|Repeatable creature tokens|Repeatable token generator|Sacrifice outlet|Sacrifice outlet land
Hanweir Battlements,Gives haste|Repeatable crime
Hapless Researcher,Card advantage|Cycle|Cycle jud 1mv martyr|Discard outlet|Draw|Hand negative|Loot|Sacrifice self
Harmonic Prodigy,Cast trigger|Cast trigger you|Synergy noncreature|Trigger doubler|Triggered ability|Typal creature|Typal shaman|Typal wizard
Harnesser of Storms,Card advantage|Cast trigger|Cast trigger you|Gives castable from exile|Gives castable from nonhand|Impulsive draw|Repeatable impulsive draw|Synergy noncreature|Triggered ability|Typal creature|Typal otter
Harsh Mentor,Burn|Burn player|Hate|Hate activation|Hate artifact|Hatebear|Triggered ability
Haste Magic,Card advantage|Combat trick|Gives castable from exile|Gives castable from nonhand|Gives haste|Impulsive draw|Single target instant/sorcery
Haunted Ridge,Cycle|Cycle dual land|Cycle land|Cycle mid slowland|Cycle slowland|Dual land|Lands matter
Haunting Voyage,Castable from exile|Castable from nonhand|Cycle|Cycle khm m foretell spell|Exile self|Reanimate|Reanimate creature|Recursion|Recursion creature|Self replacement effect|Typal choose|Typal creature|Unexile
Haze of Rage,Cast trigger|Cast trigger self|Copy|Copy self|Mana sink|Mix and match|Power boost to all|Triggered ability
Hazoret's Monument,Card advantage|Cast trigger|Cast trigger you|Cost reducer|Cost reducer creature|Cycle|Cycle akh monument|Discard outlet|Draw|Namesake spell|Ramp|Synergy red|Triggered ability
Heart of Ramos,Cycle|Cycle mmq ramos artifact|Egg|Mana egg|Mana producer|Mana rock|Namesake spell|Ramp|Sacrifice self
Hearthborn Battler,Burn|Burn player|Cast trigger|Second spell matters|Triggered ability
Heartless Hidetsugu,Burn|Burn player|Burn player each|Group slug
Heartless Summoning,Cost reducer|Cost reducer creature|Deal with the devil|Ramp
Heartstone,Cost reducer|Cost reducer activated ability|Synergy activated ability
Heat Shimmer,Copy|Copy creature|Single target instant/sorcery|Triggered ability
Heat of Battle,Burn|Burn player|Hate|Hate blocker|Sth storyline in cards|Triggered ability
Heightened Reflexes,Combat trick|Keyword counter|Single target instant/sorcery
Heirloom Blade,Card advantage|Death trigger|Leaves battlefield trigger|Triggered ability|Typal creature|Typal share
Heliod's Intervention,Cycle|Cycle thb intervention|Disenchant/naturalize|Lifegain|Multi removal|Multiple targets|Namesake spell|Removal|Removal artifact|Removal destroy|Removal enchantment|Single target instant/sorcery|Spot removal
"Heliod, Sun-Crowned",Cycle|Cycle cmm m mono legend|Cycle thb monocolor god|Gives lifelink|Indestructible god|Lifegain|Lifegain matters|Mana sink|Pridemate|Synergy enchantment|Synergy white|Triggered ability
Hell to Pay,Burn|Burn creature|Ramp|Removal|Removal burn|Removal creature|Single target instant/sorcery|Spot removal
Hellrider,Attack trigger|Burn|Burn planeswalker|Burn player|Removal|Removal burn|Removal planeswalker|Repeatable removal|Synergy attacker|Triggered ability
Hellspur Posse Boss,Gives haste|Multiple bodies|Triggered ability|Typal assassin|Typal creature|Typal mercenary|Typal outlaw|Typal pirate|Typal rogue|Typal warlock
Helm of Awakening,Cost reducer|Ramp
Helm of the Host,Copy|Copy creature|Copy legendary|Repeatable creature tokens|Repeatable token generator|Triggered ability
Hengegate Pathway,Cycle|Cycle dual land|Cycle khm pathway|Cycle land|Cycle pathway|Dual land
Henrika Domnathi,Card advantage|Charm creature|Cycle|Cycle vow m tdfc|Draw|Evasion|Hand neutral|Life for cards|Life payment|Lifegain|Mana sink|Multi removal|Mutual sacrifice|Pure draw|Removal|Removal creature|Removal sacrifice|Sacrifice outlet|Sacrifice outlet creature|Spot removal|Synergy deathtouch|Synergy flying|Synergy lifelink|Triggered ability
Herald's Horn,Card advantage|Cost reducer|Cost reducer creature|Triggered ability|Typal choose|Typal creature
Heraldic Banner,Mana producer|Mana rock|Power boost to all|Ramp|Synergy color choose
Hero's Blade,Creaturefall|Synergy legendary|Triggered ability
Hero's Downfall,Removal|Removal creature|Removal destroy|Removal planeswalker|Single target instant/sorcery|Spot removal
Heroes' Hangout,Card advantage|Gives castable from exile|Gives castable from nonhand|Impulsive draw|Multiple targets|Single target instant/sorcery
Hidden Grotto,Library manipulation|Mana filter|Mill|Mill self|Peek|Peek library|Surveil|Top deck manipulation|Triggered ability
Hidden Necropolis,Card advantage|Consult cast|Cycle|Cycle land|Cycle lci hidden land|Cycle mono land|Free cast another|Gives castable from exile|Gives castable from nonhand|Sacrifice self
Hidden Volcano,Card advantage|Consult cast|Cycle|Cycle land|Cycle lci hidden land|Cycle mono land|Free cast another|Gives castable from exile|Gives castable from nonhand|Sacrifice self
High Market,Lifegain|Sacrifice outlet|Sacrifice outlet creature
High-Society Hunter,Attack trigger|Card advantage|Death trigger|Draw|Evasion|Leaves battlefield trigger|Pure draw|Repeatable draw|Sacrifice outlet|Sacrifice outlet creature|Synergy attacker self|Triggered ability
Highway Robbery,Card advantage|Castable from exile|Castable from nonhand|Discard outlet|Draw|Exile self|Hand neutral|Hand positive|Plunder|Sacrifice outlet|Sacrifice outlet land|Unexile
Hinterland Sanctifier,Creaturefall|Lifegain|Soul warden ability|Thingfall|Triggered ability
Hired Claw,Attack trigger|Burn|Burn player|Life loss matters|Synergy attacker|Triggered ability|Typal lizard
Hissing Iguanar,Burn|Burn planeswalker|Burn player|Death trigger|Leaves battlefield trigger|Removal|Removal burn|Removal planeswalker|Repeatable removal|Triggered ability
Hive of the Eye Tyrant,Animate|Animate self|Attack trigger|Color change self|Cycle|Cycle afr creatureland|Cycle land|Cycle mono land|Evasion|Hate|Hate graveyard|Mana sink|Repeatable crime|Synergy attacker self|Triggered ability
Hoarding Broodlord,Convoke|Cost reducer|Discount self|Evasion|Synergy black|Synergy color share|Synergy exile cast|Tap fuel creature|Tap outlet|Triggered ability|Tutor|Tutor card|Tutor to|Tutor to exile
Homeward Path,Hate|Hate theft
Honor the God-Pharaoh,Card advantage|Discard outlet|Draw|Hand neutral|Typal army|Typal creature
Hordewing Skaab,Card advantage|Discard outlet|Draw|Evasion|Gives evasion|Gives flying|Loot|Triggered ability|Typal creature|Typal zombie
Horizon of Progress,Card advantage|Cost ignorer|Draw|Extra land|Life payment|Pure draw|Ramp|Sacrifice self|Sneak land
Horn of the Mark,Attack trigger|Card advantage|Impulse|Impulse creature|Repeatable impulse|Synergy attacker|Triggered ability
Horrid Shadowspinner,Attack trigger|Card advantage|Cycle|Cycle mh3 draft signpost|Cycle mh3 u draft signpost|Discard outlet|Draft signpost|Draw|Lifegain|Loot|Power matters|Power matters self|Synergy attacker self|Triggered ability
Hour of Reckoning,Convoke|Discount self|Removal|Removal creature|Removal destroy|Sweeper|Synergy color share|Synergy token|Synergy token creature|Synergy white|Tap fuel creature|Tap outlet
Howling Mine,Card advantage|Draw|Group hug|Pure draw|Repeatable draw|Triggered ability
Howlsquad Heavy,Gives haste|Life loss matters|Mana dork|Mana producer|Ramp|Repeatable creature tokens|Repeatable token generator|Triggered ability|Typal creature|Typal goblin
Hullbreaker Horror,Bounce|Cast trigger|Cast trigger you|Counterspell|Counterspell bounce|Hate|Hate counterspell|Removal|Removal artifact|Removal aura|Removal battle|Removal bounce|Removal creature|Removal enchantment|Removal equipment|Removal nonland|Removal planeswalker|Removal spacecraft|Removal vehicle|Remove from stack|Repeatable removal|Spot removal|Triggered ability
Humble Defector,Card advantage|Defector|Draw|Group hug|Pure draw|Repeatable draw
Hydroelectric Specimen,Change target|Cycle|Cycle land|Cycle mh3 mdfc mono land|Cycle mono land|Life payment|Protects creature|Triggered ability
Ichor Drinker,Exile self|Graveyard fuel self|Lifegain
Idol of Oblivion,Card advantage|Draw|Egg|Pure draw|Repeatable draw|Sacrifice self|Synergy token
Idyllic Tutor,Tutor|Tutor enchantment|Tutor to|Tutor to hand
Ignite the Future,Card advantage|Castable from graveyard|Castable from nonhand|Exile self|Free cast another|Gives castable from exile|Gives castable from nonhand|Impulsive draw|Synergy graveyard cast
Immersturm Predator,Evasion|Free sacrifice outlet|Gains indestructible|Hate|Hate graveyard|Neo regenerate|Repeatable crime|Sacrifice outlet|Sacrifice outlet creature|Triggered ability
Immolation,Removal|Removal creature|Removal toughness|Spot removal
Immolation Shaman,Burn|Burn player|Evasion|Hate|Hate activation|Hate artifact|Hatebear|Mana sink|Shade pump|Triggered ability
"Imodane, the Pyrohammer",Burn|Burn player|Group slug|Synergy burn|Synergy instant|Synergy sorcery|Triggered ability
Imp's Mischief,Change target|Life payment|Single target instant/sorcery
Impact Tremors,Burn|Burn player|Creaturefall|Group slug|Triggered ability
Imperial Recruiter,Triggered ability|Tutor|Tutor creature|Tutor creature power|Tutor to|Tutor to hand
Imperial Seal,Library manipulation|Life payment|Top deck manipulation|Tutor|Tutor card|Tutor to|Tutor to top
Implement of Combustion,Bombard self|Burn|Burn planeswalker|Burn player|Card advantage|Cycle|Cycle aer implement|Death trigger|Death trigger self|Draw|Egg|Leaves battlefield trigger|Pure draw|Removal|Removal burn|Removal planeswalker|Sacrifice self|Triggered ability
Imposing Grandeur,Burst draw|Card advantage|Draw|Mana value matters|Synergy commander|Wheel|Wheel symmetrical
Impulsive Pilferer,Death trigger|Death trigger self|Delayed triggered ability|Exile self|Gains haste|Graveyard fuel self|Leaves battlefield trigger|Ramp|Triggered ability
Incinerate,Burn|Burn any|Burn battle|Burn creature|Burn planeswalker|Burn player|Removal|Removal burn|Removal creature|Removal planeswalker|Single target instant/sorcery
Increasing Vengeance,Castable from graveyard|Castable from nonhand|Copy|Copy instant|Copy sorcery|Cycle|Cycle dka increasing flashback|Exile self|Self replacement effect|Single target instant/sorcery|Synergy graveyard cast
Indulgent Aristocrat,Lifegain|Sacrifice outlet|Sacrifice outlet creature|Typal creature|Typal vampire|Type addition noble
Indulging Patrician,Cycle|Cycle m21 draft signpost|Draft signpost|Evasion|Group slug|Lifegain|Lifegain matters|Opponent loses life|Triggered ability
Inevitable Defeat,Cycle|Cycle tdm r tricolor|Drain life|Hate|Hate counterspell|Inverted effects|Lifegain|Opponent loses life|Removal|Removal artifact|Removal aura|Removal battle|Removal creature|Removal enchantment|Removal equipment|Removal exile|Removal nonland|Removal planeswalker|Removal spacecraft|Removal vehicle|Single target instant/sorcery|Spot removal
Infernal Grasp,Life payment|Removal|Removal creature|Removal destroy|Single target instant/sorcery|Spot removal
Infernal Plunge,Ramp|Ritual|Sacrifice outlet|Sacrifice outlet creature
Inferno Fist,Bombard self|Burn|Burn any|Burn battle|Burn creature|Burn planeswalker|Burn player|Removal|Removal burn|Removal creature|Removal planeswalker|Sacrifice self
Inferno Titan,Attack trigger|Burn|Burn any|Burn battle|Burn creature|Burn planeswalker|Burn player|Cycle|Cycle m11 titan|Mana sink|Multi removal|Multiple targets|Removal|Removal burn|Removal creature|Removal planeswalker|Repeatable crime|Repeatable removal|Synergy attacker self|Triggered ability
Infinite Hourglass,Anthem|Power boost to all|Triggered ability
Infuriate,Combat trick|Single target instant/sorcery
Inkshield,Aikido|Cycle|Cycle c21 college spell|Damage prevention|Damage prevention you|Fog|Fog selective|Multiple bodies
Inner Sanctum,Damage prevention|Damage prevention creature|Life payment|Triggered ability
Inordinate Rage,Combat trick|Library manipulation|Peek|Peek library|Single target instant/sorcery|Top deck manipulation
Insatiable Avarice,Burst draw|Card advantage|Draw|Hand positive|Library manipulation|Life for cards|Life payment|Opponent loses life|Pure draw|Single target instant/sorcery|Top deck manipulation|Tutor|Tutor card|Tutor to|Tutor to top
Insolent Neonate,Card advantage|Discard outlet|Draw|Evasion|Hand negative|Sacrifice self
"Insomnia, Crown City",Cycle|Cycle dual land|Cycle fin dual town|Cycle land|Dual land
Inspired Tinkering,Card advantage|Gives castable from exile|Gives castable from nonhand|Impulsive draw|Ramp
Inspiring Vantage,Cycle|Cycle dual land|Cycle fastland|Cycle kld fastland|Cycle land|Dual land
Insult // Injury,Burn|Burn creature|Burn planeswalker|Burn player|Burn with set's mechanic|Castable from graveyard|Castable from nonhand|Cycle|Cycle akh monocolor aftermath|Damage multiplier|Exile self|Multi removal|Multiple targets|Removal|Removal burn|Removal creature|Removal planeswalker|Spot removal|Unpreventable damage
Insurrection,Gives haste|Theft|Theft mass|Untapper|Untapper creature
Into the Fire,Burn|Burn battle|Burn creature|Burn planeswalker|Card advantage|Draw|Hand neutral|Library manipulation|Removal|Removal battle|Removal burn|Removal creature|Removal planeswalker|Sweeper|Tuck outlet|Wheel|Wheel one sided
Into the Flood Maw,Bounce|Group hug|Removal|Removal artifact|Removal aura|Removal battle|Removal bounce|Removal creature|Removal enchantment|Removal equipment|Removal nonland|Removal planeswalker|Removal spacecraft|Removal vehicle|Single target instant/sorcery|Spot removal
Invasion of Kaldheim,Burn|Burn any|Burn battle|Burn creature|Burn planeswalker|Burn player|Card advantage|Castable from exile|Castable from nonhand|Discard matters|Discard outlet land|Discarded type matters|Draw|Exile self|Exile self dfc transform|Gives castable from exile|Gives castable from nonhand|Impulsive draw|Removal|Removal burn|Removal creature|Removal planeswalker|Repeatable impulsive draw|Repeatable removal|Triggered ability|Unexile|Wheel|Wheel one sided
Invasion of Karsus,Burn|Burn creature|Burn planeswalker|Burn player|Cast trigger|Cast trigger you|Castable from exile|Castable from nonhand|Exile self|Exile self dfc transform|Group slug|Removal|Removal burn|Removal creature|Removal planeswalker|Sweeper|Triggered ability|Unexile
Invasion of Mercadia,Card advantage|Castable from exile|Castable from nonhand|Cycle|Cycle mom u mono invasion|Discard outlet|Draw|Exile self|Exile self dfc transform|Gives haste|Hand neutral|Power boost to all|Repeatable creature tokens|Repeatable token generator|Triggered ability|Unexile
Invasion of New Capenna,Attack trigger|Castable from exile|Castable from nonhand|Cycle|Cycle mom draft signpost|Cycle mom invasion signpost|Draft signpost|Exile self|Exile self dfc transform|Removal|Removal artifact|Removal creature|Removal exile|Sacrifice outlet|Sacrifice outlet artifact|Sacrifice outlet creature|Spot removal|Synergy artifact|Synergy attacker|Triggered ability|Typal creature|Typal share|Unexile
Invoke Calamity,Cycle|Cycle neo invoke|Exile self|Free cast another|Gives castable from graveyard|Gives castable from nonhand|Recursion|Synergy instant|Synergy sorcery
Irencrag Feat,Ramp|Ritual
"Iroas, God of Victory",Cycle|Cycle block ths minor god|Cycle jou minor god|Damage prevention|Damage prevention creature|Dolmen ability|Gives evasion|Indestructible god|Synergy attacker|Synergy red|Synergy white
Iron Myr,Cycle|Cycle mrd mana myr|Mana dork|Mana producer|Ramp
Irrigated Farmland,Card advantage|Cycle|Cycle akh dual cycling land|Cycle cycling land|Cycle dual cycling land|Cycle dual land|Cycle land|Draw|Dual land|Hand neutral|Nonbasic basic land type|Pure draw
Island,Cycle|Cycle land|Cycle lea basic land|Cycle mono land
Isochron Scepter,Copy|Copy instant|Free cast another|Gives castable from exile|Gives castable from nonhand|Synergy instant|Triggered ability
Isolated Chapel,Cycle|Cycle checkland|Cycle dual land|Cycle isd checkland|Cycle land|Dual land|Synergy plains|Synergy swamp
Isolated Watchtower,Card advantage|Cares about basic land|Catch up|Cost ignorer|Extra land|Impulse|Impulse land|Impulse onto battlefield|Impulse to zone|Library manipulation|Peek|Peek library|Ramp|Repeatable impulse|Top deck manipulation
It That Betrays,Ramp|Removal|Removal artifact|Removal aura|Removal battle|Removal creature|Removal enchantment|Removal equipment|Removal land|Removal permanent|Removal planeswalker|Removal sacrifice|Removal spacecraft|Removal vehicle|Repeatable removal|Spot removal|Synergy attacker self|Synergy sacrifice|Theft|Theft permanent|Triggered ability
"Ivora, Insatiable Heir",Card advantage|Discard matters|Discard outlet|Draw|Repeatable artifact tokens|Repeatable blood|Repeatable noncreature tokens|Repeatable token generator|Synergy blood|Triggered ability
Izzet Chemister,Free cast another|Gives castable from exile|Gives castable from nonhand|Graveyard fuel|Graveyard fuel instant|Graveyard fuel sorcery|Multicast|Sacrifice self|Synergy instant|Synergy sorcery
"Jace, Vryn's Prodigy",Card advantage|Cast trigger|Cast trigger you|Cycle|Cycle ori flip walker|Discard outlet|Draw|Exile self|Exile self dfc transform|Gives castable from graveyard|Gives castable from nonhand|Loot|Mill|Mill opponent|Recursion|Repeatable crime|Synergy instant|Synergy sorcery|Triggered ability
"Jace, the Mind Sculptor",Bounce|Brainstorm|Card advantage|Cycle|Cycle block zen monocolor pw|Draw|Fateseal|Library manipulation|Mill|Mill exile|Mill opponent|Peek|Peek library|Removal|Removal bounce|Removal creature|Repeatable crime|Repeatable removal|Scry like|Spot removal|Top deck manipulation|Tuck outlet
Jagged Barrens,Burn|Burn player|Cycle|Cycle dual land|Cycle land|Cycle otj pingland|Dual land|Triggered ability
Jaya's Immolating Inferno,Burn|Burn any|Burn battle|Burn creature|Burn planeswalker|Burn player|Cycle|Cycle dom legendary sorcery|Multi removal|Multiple targets|Namesake spell|Removal|Removal burn|Removal creature|Removal planeswalker|Single target instant/sorcery|Synergy legendary
Jeska's Will,Card advantage|Cycle|Cycle cmr will|Gives castable from exile|Gives castable from nonhand|Hand size hate|Hand size matters|Hate|Impulsive draw|Namesake spell|Ramp|Ritual|Single target instant/sorcery|Synergy commander
Jet Medallion,Cost reducer|Cycle|Cycle tmp medallion|Ramp|Synergy black
"Jin-Gitaxias, Core Augur",Burst draw|Card advantage|Cycle|Cycle nph praetor|Discard|Draw|Hand size decrease|Inverted effects|Pure draw|Repeatable draw|Triggered ability
"Jin-Gitaxias, Progress Tyrant",Cast trigger|Cast trigger other|Cast trigger you|Copy|Copy artifact|Copy instant|Copy permanent spell|Copy sorcery|Copy spell|Counterspell|Counterspell artifact|Counterspell automatic|Counterspell instant|Counterspell sorcery|Cycle|Cycle extraplanar praetor|Inverted effects|Synergy artifact|Synergy instant|Synergy sorcery|Triggered ability
Junk Jet,Card advantage|Exponential|Gives castable from exile|Gives castable from nonhand|Impulsive draw|Power doubler|Power matters|Sacrifice outlet|Sacrifice outlet artifact|Synergy artifact|Triggered ability
Junktown,Card advantage|Gives castable from exile|Gives castable from nonhand|Impulsive draw
Kabira Crossroads,Cycle|Cycle land|Cycle mono land|Cycle zen utilityland|Lifegain|Triggered ability
Kabira Takedown,Burn|Burn creature|Burn planeswalker|Creature count matters|Removal|Removal burn|Removal creature|Removal planeswalker|Single target instant/sorcery|Spot removal
Kalastria Highborn,Death trigger|Drain life|Inverted effects|Leaves battlefield trigger|Lifegain|Opponent loses life|Triggered ability|Typal creature|Typal vampire
"Kalitas, Bloodchief of Ghet",Aikido|Death trigger|Leaves battlefield trigger|Removal|Removal creature|Removal destroy|Repeatable creature tokens|Repeatable removal|Repeatable token generator|Spot removal|Triggered ability
"Kalitas, Traitor of Ghet",Death trigger|Leaves battlefield trigger|Lifegain|Repeatable creature tokens|Repeatable token generator|Sacrifice outlet|Sacrifice outlet creature|Triggered ability|Typal creature|Typal vampire|Typal zombie
"Kambal, Consul of Allocation",Cast trigger|Cast trigger other|Drain life|Hate|Hate noncreature|Inverted effects|Lifegain|Opponent loses life|Triggered ability
"Kambal, Profiteering Mayor",Copy|Copy token|Drain life|Group slug|Hate|Hate token|Inverted effects|Lifegain|Opponent loses life|Synergy token|Thingfall|Tokenfall|Triggered ability
Karmic Guide,Evasion|Hate|Hate black|Hate color|Reanimate|Reanimate creature|Recursion|Recursion creature|Triggered ability
Karn's Bastion,Counter increaser|Mana sink|Namesake spell
"Karn, the Great Creator",Animate|Animate artifact|Hate|Hate artifact|Mana value matters|Passive ability|Prevent activation|Recursion from exile|Repeatable crime|Unexile
Kaya the Inexorable,Card advantage|Death trigger|Free cast another|Gives castable from exile|Gives castable from graveyard|Gives castable from nonhand|Indefinite effect|Leaves battlefield trigger|Nonfunctional reminder counter|Reanimate|Reanimate cast|Recursion|Recursion creature|Recursion from exile|Regrowth creature|Removal|Removal artifact|Removal aura|Removal battle|Removal creature|Removal enchantment|Removal equipment|Removal exile|Removal nonland|Removal planeswalker|Removal spacecraft|Removal vehicle|Repeatable creature tokens|Repeatable crime|Repeatable removal|Repeatable token generator|Spot removal|Synergy exile|Synergy legendary|Triggered ability|Unexile
Kaya's Ghostform,Death trigger|Leaves battlefield trigger|Namesake spell|Protects creature|Protects planeswalker|Synergy planeswalker|Triggered ability|Unexile|Unique enchant target
Kazuul's Fury,Burn|Burn any|Burn battle|Burn creature|Burn planeswalker|Burn player|Burn with set's mechanic|Fling|Namesake spell|Power matters|Removal|Removal burn|Removal creature|Removal planeswalker|Sacrifice outlet|Sacrifice outlet creature|Single target instant/sorcery
"Kediss, Emberclaw Familiar",Cycle|Cycle cmr familiar|Multiplayer|Omnivore ability|Pair commander|Synergy commander|Triggered ability
Keldon Flamesage,Attack trigger|Card advantage|Delayed triggered ability|Free cast another|Gives castable from exile|Gives castable from nonhand|Impulse|Impulse cast|Impulse instant|Impulse sorcery|Power matters|Power matters self|Repeatable impulse|Synergy attacker self|Synergy haste|Tap fuel creature|Tap outlet|Triggered ability
Kessig Flamebreather,Burn|Burn player|Cast trigger|Cast trigger you|Group slug|Pinger|Synergy noncreature|Triggered ability
Key to the City,Card advantage|Discard outlet|Draw|Gives evasion|Inspired|Repeatable draw|Triggered ability
Kher Keep,Creates token of a card|Repeatable creature tokens|Repeatable token generator
Kheru Mind-Eater,Discard to exile|Evasion|Gives castable from exile|Gives castable from nonhand|Theft|Theft cast|Triggered ability
Khorvath's Fury,Burn|Burn player|Burn with set's mechanic|Card advantage|Cycle|Cycle bbd friend foe|Discard|Discard outlet|Draw|Group hug|Group slug|Hand neutral|Hand size hate|Hand size matters|Hate|Namesake spell|Wheel
Killing Wave,Opponent loses life|Punisher|Removal|Removal creature|Removal sacrifice|Sweeper
Kindled Fury,Combat trick|Single target instant/sorcery
Kindled Heroism,Combat trick|Library manipulation|Peek|Peek library|Single target instant/sorcery|Top deck manipulation
Kindlespark Duo,Burn|Burn player|Cast trigger|Cast trigger you|Cycle|Cycle blb duo|Pinger|Repeatable crime|Synergy noncreature|Triggered ability
Kindred Boon,Combat trick|Cycle|Cycle c17 kindred spell|Gives indestructible|Protects creature|Typal choose|Typal creature
Kindred Charge,Copy|Copy creature|Cycle|Cycle c17 kindred spell|Delayed triggered ability|Multiple bodies|Triggered ability|Typal choose|Typal creature
Kindred Dominance,Cycle|Cycle c17 kindred spell|Removal|Removal creature|Removal destroy|Sweeper|Sweeper one sided|Typal choose|Typal creature
Kinzu of the Bleak Coven,Copy|Copy creature|Death trigger|Evasion|Gives toxic|Leaves battlefield trigger|Life payment|Protects creature|Repeatable creature tokens|Repeatable token generator|Triggered ability
"Kitsa, Otterball Elite",Card advantage|Cast trigger|Cast trigger you|Copy|Copy instant|Copy sorcery|Discard outlet|Draw|Loot|Power matters|Power matters self|Specific power matters|Synergy noncreature|Triggered ability
Knight of the Ebon Legion,Gains deathtouch|Life loss matters|Mana sink|Shade pump|Triggered ability
Knollspine Dragon,Burst draw|Card advantage|Cycle|Cycle shm hideaway creature|Draw|Evasion|Triggered ability|Wheel
Kolaghan's Command,Burn|Burn any|Burn battle|Burn creature|Burn planeswalker|Burn player|Card advantage|Command|Cycle|Cycle dtk command|Discard|Hand negative|Hand neutral|Multi removal|Multiple targets|Namesake spell|Recursion|Recursion creature|Regrowth creature|Removal|Removal artifact|Removal burn|Removal creature|Removal destroy|Removal planeswalker|Single target instant/sorcery|Spot removal
Koth of the Hammer,Animate|Animate land|Burn|Burn any|Burn battle|Burn creature|Burn planeswalker|Burn player|Gives tap ability|Mana producer|Non mana ability mana|Pinger|Ramp|Removal|Removal burn|Removal creature|Removal planeswalker|Repeatable crime|Repeatable removal|Synergy mountain|Tap fuel land|Tap outlet|Untapper|Untapper land
"Koth, Fire of Resistance",Burn|Burn any|Burn battle|Burn creature|Burn planeswalker|Burn player|Landfall|Lands matter|Mountainfall|Removal|Removal burn|Removal creature|Removal planeswalker|Repeatable removal|Synergy mountain|Triggered ability|Tutor|Tutor land|Tutor land basic|Tutor land basic mountain|Tutor to|Tutor to hand
"Krark, the Thumbless",Cast trigger|Cast trigger you|Copy|Copy instant|Copy sorcery|Cycle|Cycle cmr r partner|Pair commander|Synergy instant|Synergy sorcery|Triggered ability
Kumano Faces Kakkazan,Burn|Burn planeswalker|Burn player|Burn with set's mechanic|Cast trigger|Cast trigger you|Delayed triggered ability|Exile self|Exile self dfc transform|Group slug|Namesake spell|Removal|Removal burn|Removal planeswalker|Sweeper|Sweeper one sided|Triggered ability
Kyren Negotiations,Burn|Burn planeswalker|Burn player|Pinger|Removal|Removal burn|Removal planeswalker|Repeatable crime|Repeatable removal|Tap fuel creature|Tap outlet
Laboratory Maniac,Alternate win condition|Empty library|Library size matters|Synergy mill
Labyrinth of Skophos,Hate|Hate attacker|Hate blocker|Mana sink|Remove from combat|Repeatable crime
"Laelia, the Blade Reforged",Attack trigger|Card advantage|Cycle|Cycle c21 mono legend|Gives castable from exile|Gives castable from nonhand|Impulsive draw|Leaves graveyard trigger|Repeatable impulsive draw|Synergy attacker self|Synergy exile|Triggered ability
Lambholt Raconteur,Burn|Burn player|Cast trigger|Cast trigger you|Catch 22|Group slug|Synergy noncreature|Transform improvement|Triggered ability
Land Tax,Catch up|Triggered ability|Tutor|Tutor land|Tutor land basic|Tutor to|Tutor to hand
Lantern of Revealing,Card advantage|Cost ignorer|Extra land|Impulse|Impulse land|Impulse onto battlefield|Impulse to zone|Library manipulation|Mana producer|Mana rock|Peek|Peek library|Ramp|Repeatable impulse|Scry like|Top deck manipulation
Last Chance,Alternate loss condition|Delayed triggered ability|Extra turn|Last chance|Triggered ability
Laughing Mad,Card advantage|Castable from graveyard|Castable from nonhand|Discard outlet|Draw|Exile self|Hand neutral|Hand positive
Lava Dart,Burn|Burn any|Burn battle|Burn creature|Burn planeswalker|Burn player|Burn with set's mechanic|Castable from graveyard|Castable from nonhand|Exile self|Manaless value|Removal|Removal burn|Removal creature|Removal planeswalker|Sacrifice outlet|Sacrifice outlet land|Single target instant/sorcery|Synergy mountain
Lava Spike,Burn|Burn planeswalker|Burn player|Burn with set's mechanic|Removal|Removal burn|Removal planeswalker|Single target instant/sorcery
Lavaspur Boots,Gives haste|Protects creature
"Lavinia, Azorius Renegade",Cast trigger|Cast trigger other|Counterspell|Counterspell automatic|Cycle|Cycle block grn guild champion|Cycle rna guild champion|Cycle rvr r two color legend|Hate|Hate free spell|Hatebear|Prevent cast|Triggered ability
Lazotep Quarry,Copy|Copy creature|Graveyard fuel|Graveyard fuel creature|Reanimate|Reanimate creature|Recursion|Recursion creature|Repeatable creature tokens|Repeatable token generator|Sacrifice outlet|Sacrifice outlet creature|Sacrifice outlet land|Sacrifice self|Synergy desert
Ledger Shredder,Card advantage|Cast trigger|Discard outlet|Draw|Evasion|Loot|Second spell matters|Triggered ability
Leering Emblem,Cast trigger|Cast trigger you|Triggered ability
Leering Onlooker,Evasion|Exile self|Graveyard fuel self|Multiple bodies
Legion Leadership,Combat trick|Cycle|Cycle dual land|Cycle land|Cycle mh3 draft signpost|Cycle mh3 mdfc dual land|Draft signpost|Dual land|Power doubler|Power matters|Single target instant/sorcery
Legion Lieutenant,Anthem|Cycle|Cycle rix draft signpost|Draft signpost|Power boost to all|Typal creature|Typal vampire
Legion Vanguard,Library manipulation|Mill|Mill self|Peek|Peek library|Sacrifice outlet|Sacrifice outlet creature|Surveil|Top deck manipulation
Legion's Landing,Attack trigger|Cycle|Cycle xln legendary transform|Lifegain|Ramp|Repeatable creature tokens|Repeatable token generator|Synergy attacker|Triggered ability
Let's Play a Game,Card types in graveyard matter|Cards in graveyard matter|Discard|Drain life|Group slug|Inverted effects|Lifegain|Opponent loses life|Removal|Removal creature|Removal toughness|Sweeper|Sweeper one sided
Lethal Scheme,Card advantage|Convoke|Discard outlet|Discount self|Draw|Hand negative|Loot|Mix and match|Removal|Removal creature|Removal destroy|Removal planeswalker|Single target instant/sorcery|Spot removal|Synergy black|Synergy color share|Tap fuel creature|Tap outlet
Leveler,Mill|Mill exile|Mill self|Triggered ability|Type addition from none
Leyline Axe,Gives trample|Manaless value|Potentially free
Leyline of Combustion,Burn|Burn player|Cycle|Cycle m20 leyline|Hate|Hate target|Manaless value|Potentially free|Triggered ability
Leyline of Lightning,Burn|Burn planeswalker|Burn player|Cast trigger|Cast trigger you|Cycle|Cycle gpt leyline|Potentially free|Removal|Removal burn|Removal planeswalker|Repeatable removal|Triggered ability
Leyline of Punishment,Cycle|Cycle m11 leyline|Hate|Hate lifegain|Manaless value|Potentially free|Unpreventable damage
Leyline of Resonance,Cast trigger|Cast trigger you|Copy|Copy instant|Copy sorcery|Cycle|Cycle dsk leyline|Manaless value|Potentially free|Synergy instant|Synergy sorcery|Triggered ability
Liberating Combustion,Burn|Burn creature|Burn with set's mechanic|Pwdeck tutor|Removal|Removal burn|Removal creature|Single target instant/sorcery|Spot removal|Tutor|Tutor planeswalker|Tutor to|Tutor to hand|Tutors by name
"Licia, Sanguine Tribune",Alt commander|Cycle|Cycle c17 alt commander|Discount self|Life payment|Lifegain matters
Life of the Party,Attack trigger|Copy|Copy self|Creature count matters|Synergy attacker self|Triggered ability
Light Up the Stage,Card advantage|Gives castable from exile|Gives castable from nonhand|Impulsive draw|Life loss matters
Lightless Evangel,Synergy artifact|Synergy sacrifice|Triggered ability
Lightning Bolt,Burn|Burn any|Burn battle|Burn creature|Burn planeswalker|Burn player|Cycle|Cycle lea boon|Removal|Removal burn|Removal creature|Removal planeswalker|Single target instant/sorcery
Lightning Cloud,Burn|Burn any|Burn battle|Burn creature|Burn planeswalker|Burn player|Cast trigger|Hate|Hate color|Hate red|Removal|Removal burn|Removal creature|Removal planeswalker|Repeatable removal|Synergy red|Triggered ability
Lightning Greaves,Gives haste|Gives shroud|Protects creature
Lightning Helix,Burn|Burn any|Burn battle|Burn creature|Burn planeswalker|Burn player|Cycle|Cycle 2x2 draft signpost|Cycle ima draft signpost|Cycle mkm draft signpost|Cycle mkm u gold noncreature|Cycle rvr u two color|Draft signpost|Drain creature|Drain life|Inverted effects|Lifegain|Removal|Removal burn|Removal creature|Removal planeswalker|Single target instant/sorcery
Lightning Prowess,Burn|Burn any|Burn battle|Burn creature|Burn planeswalker|Burn player|Gives haste|Pinger|Removal|Removal burn|Removal creature|Removal planeswalker|Repeatable crime|Repeatable removal
Lightning Strike,Burn|Burn any|Burn battle|Burn creature|Burn planeswalker|Burn player|Removal|Removal burn|Removal creature|Removal planeswalker|Single target instant/sorcery
Lightning Talons,
Lightning-Rig Crew,Burn|Burn player|Cast trigger|Cast trigger you|Group slug|Pinger|Triggered ability|Typal creature|Typal pirate
Likeness Looter,Card advantage|Copy|Copy creature|Cycle|Cycle woe r two color|Discard outlet|Draw|Evasion|Loot
Liliana of the Veil,Discard|Discard outlet|Divvy|Mass land denial|Multi removal|Opponent chooses|Removal|Removal artifact|Removal aura|Removal battle|Removal creature|Removal enchantment|Removal equipment|Removal land|Removal permanent|Removal planeswalker|Removal sacrifice|Removal spacecraft|Removal vehicle|Repeatable removal|Spot removal|Sweeper
"Liliana, Death's Majesty",Cost ignorer|Indefinite effect|Mill|Mill self|Reanimate|Reanimate creature|Recursion|Recursion creature|Removal|Removal creature|Removal destroy|Repeatable creature tokens|Repeatable removal|Repeatable token generator|Sweeper|Typal creature|Typal zombie
"Liliana, Dreadhorde General",Card advantage|Cycle|Cycle fdn planeswalker|Cycle war gatewatch|Death trigger|Draw|Leaves battlefield trigger|Mass land denial|Mutual sacrifice|Passive ability|Pure draw|Removal|Removal artifact|Removal aura|Removal battle|Removal creature|Removal enchantment|Removal equipment|Removal land|Removal permanent|Removal planeswalker|Removal sacrifice|Removal spacecraft|Removal vehicle|Repeatable creature tokens|Repeatable draw|Repeatable removal|Repeatable token generator|Spot removal|Sweeper|Triggered ability
"Lindblum, Industrial Regency",Burn|Burn player|Cycle|Cycle fin adventure land|Cycle land|Cycle mono land|Exile self|Group slug|Pinger|Synergy noncreature|Triggered ability
Lion's Eye Diamond,Discard hand|Discard outlet|Egg|Mana egg|Manaless value|Ramp|Sacrifice self
Liquimetal Torque,Mana producer|Mana rock|Ramp|Repeatable crime
"Livaan, Cultist of Tiamat",Cast trigger|Cast trigger you|Cycle|Cycle clb back enemy legend|Mana value matters|Namesake spell|Pair commander|Synergy noncreature|Triggered ability
Lively Dirge,Mana value matters|Reanimate|Reanimate creature|Recursion|Recursion creature|Tutor|Tutor card|Tutor to|Tutor to battlefield|Tutor to graveyard
Livewire Lash,Burn|Burn any|Burn battle|Burn creature|Burn planeswalker|Burn player|Hate|Hate target|Removal|Removal burn|Removal creature|Removal planeswalker|Repeatable crime|Repeatable removal|Triggered ability
Living Death,Reanimate|Reanimate creature|Recursion|Recursion creature|Removal|Removal creature|Removal sacrifice|Sweeper
Lobber Crew,Burn|Burn player|Cast trigger|Cast trigger you|Group slug|Pinger|Synergy multicolor|Triggered ability
Long-Term Plans,Library manipulation|Top deck manipulation|Tutor|Tutor card|Tutor to|Tutor to top
Looming Spires,Cycle|Cycle bfz utilityland|Cycle land|Cycle mono land|Triggered ability
Lore Broker,Card advantage|Discard outlet|Draw|Group hug|Loot
Lose Focus,Cast trigger|Cast trigger self|Copy|Copy self|Counterspell|Counterspell soft|Multiple targets|Single target instant/sorcery|Triggered ability
Lost Monarch of Ifnir,Card advantage|Curiosity like|Hate|Hate blocker|Mill|Mill self|Opponent loses life|Recursion|Recursion creature|Regrowth creature|Triggered ability|Typal creature|Typal zombie
"Lotho, Corrupt Shirriff",Cast trigger|Cycle|Cycle ltr r two color|Life payment|Ramp|Repeatable artifact tokens|Repeatable noncreature tokens|Repeatable token generator|Repeatable treasures|Second spell matters|Triggered ability
Lotus Field,Sacrifice outlet|Sacrifice outlet land|Triggered ability
Lotus Petal,Egg|Mana egg|Manaless value|Ramp|Ritual|Sacrifice self
Lotus Ring,Ramp|Sacrifice outlet|Sacrifice outlet creature
Loxodon Warhammer,Gives lifelink|Gives trample|Lifegain
Luminous Rebuke,Discount self|Hate|Hate tapped|Removal|Removal creature|Removal destroy|Single target instant/sorcery|Spot removal
Lunar Convocation,Card advantage|Draw|Group slug|Life for cards|Life loss matters|Life payment|Lifegain matters|Mana sink|Opponent loses life|Pure draw|Repeatable creature tokens|Repeatable draw|Repeatable token generator|Triggered ability
Lunarch Veteran,Castable from graveyard|Castable from nonhand|Creaturefall|Death to exile|Evasion|Leaves battlefield trigger|Lifegain|Reanimate|Reanimate self|Recursion|Recursion self|Soul warden ability|Thingfall|Transform mirror|Triggered ability
Lurrus of the Dream-Den,Cycle|Cycle iko companion|Deck requirement|Gives castable from graveyard|Gives castable from nonhand|Lifegain|Reanimate|Reanimate cast|Recursion
Luxury Suite,Cycle|Cycle bbd bond land|Cycle bondland|Cycle dual land|Cycle land|Dual land|Multiplayer
Macabre Reconstruction,Card advantage|Discount self|Hand positive|Multiple targets|Recursion|Recursion creature|Regrowth creature|Single target instant/sorcery
Macabre Waltz,Card advantage|Discard outlet|Hand neutral|Multiple targets|Recursion|Recursion creature|Regrowth creature|Single target instant/sorcery
Madcap Skills,Gives evasion
Maddening Hex,Burn|Burn player|Cast trigger|Hate|Hate noncreature|Multiplayer|Triggered ability
Maestros Theater,Cycle|Cycle land|Cycle nonmana land|Cycle snc fetchland|Fetchland|Lifegain|Manaless land|Sacrifice self|Triggered ability|Tutor|Tutor land|Tutor land basic|Tutor land basic island|Tutor land basic mountain|Tutor land basic swamp|Tutor land to battlefield|Tutor to|Tutor to battlefield
"Magda, the Hoardmaster",Ramp|Repeatable artifact tokens|Repeatable creature tokens|Repeatable noncreature tokens|Repeatable token generator|Repeatable treasures|Synergy crime|Synergy treasure|Triggered ability
Magebane Armor,Damage prevention|Damage prevention creature
Magebane Lizard,Burn|Burn player|Cast trigger|Cast trigger other|Cast trigger you|Hate|Hate noncreature|Hate storm|Triggered ability
Magic Missile,Burn|Burn any|Burn battle|Burn creature|Burn planeswalker|Burn player|Hate|Hate counterspell|Multi removal|Multiple targets|Removal|Removal burn|Removal creature|Removal planeswalker|Single target instant/sorcery
Magma Jet,Burn|Burn any|Burn battle|Burn creature|Burn planeswalker|Burn player|Burn with set's mechanic|Library manipulation|Peek|Peek library|Removal|Removal burn|Removal creature|Removal planeswalker|Single target instant/sorcery|Top deck manipulation
Magmakin Artillerist,Burn|Burn player|Card advantage|Cycle trigger self|Discard matters|Draw|Group slug|Hand neutral|Pure draw|Triggered ability
Magnetic Mountain,Hate|Hate blue|Hate color|Lockdown creature|Multi removal|Removal|Removal creature|Triggered ability|Untapper|Untapper creature
Magus of the Moon,Blood moon effect|Cycle|Cycle fut magus|Hate|Hate nonbasic land|Mass land denial
Magus of the Wheel,Burst draw|Card advantage|Cycle|Cycle sorcery magus|Discard|Discard hand|Discard outlet|Draw|Sacrifice self|Wheel|Wheel symmetrical
"Maha, Its Feathers Night",Cycle blb m mono legend|Discard|Evasion|Humble|Triggered ability
Make Your Move,Disenchant/naturalize|Hate|Hate high pt|Removal|Removal artifact|Removal creature|Removal destroy|Removal enchantment|Single target instant/sorcery|Spot removal
Makeshift Munitions,Burn|Burn any|Burn battle|Burn creature|Burn planeswalker|Burn player|Removal|Removal burn|Removal creature|Removal planeswalker|Repeatable removal|Sacrifice outlet|Sacrifice outlet artifact|Sacrifice outlet creature|Synergy artifact
Malakir Bloodwitch,Drain life|Evasion|Group slug|Hate|Hate color|Hate white|Inverted effects|Lifegain|Opponent loses life|Triggered ability|Typal creature|Typal vampire
Malakir Rebirth,Death trigger|Leaves battlefield trigger|Life payment|Protects creature|Single target instant/sorcery|Triggered ability
"Malcolm, Alluring Scoundrel",Card advantage|Counters matter|Discard outlet|Draw|Evasion|Free cast another|Loot|Triggered ability
Mana Clash,Burn|Burn player|Single target instant/sorcery
Mana Confluence,Life payment
Mana Drain,Aikido|Counterspell|Delayed triggered ability|Interrupt|Mana value matters|Ramp|Single target instant/sorcery|Triggered ability
Mana Flare,Mana increaser|Ramp|Triggered ability
Mana Geode,Library manipulation|Mana producer|Mana rock|Peek|Peek library|Ramp|Top deck manipulation|Triggered ability
Mana Geyser,Hate|Hate tapped|Ramp|Ritual
Mana Vault,Mana producer|Mana rock|Ramp|Triggered ability
Manabarbs,Burn|Burn player|Group slug|Triggered ability
Marauding Blight-Priest,Group slug|Lifegain matters|Lifegain to damage|Opponent loses life|Triggered ability
March of Reckless Joy,Card advantage|Cycle|Cycle neo march|Discount self|Gives castable from exile|Gives castable from nonhand|Impulsive draw|Synergy red
March of Swirling Mist,Cycle|Cycle neo march|Discount self|Multiple targets|Phasing|Protects creature|Single target instant/sorcery|Synergy blue
March of the Canonized,Lifegain|Multiple bodies|Repeatable creature tokens|Repeatable token generator|Synergy black|Synergy white|Triggered ability
Mardu Banner,Card advantage|Cycle|Cycle ktk banner|Draw|Egg|Hand neutral|Mana producer|Mana rock|Pure draw|Ramp|Sacrifice self
Markov Baron,Anthem|Castable from exile|Castable from nonhand|Convoke|Delayed triggered ability|Discount self|Exile self|Lifegain|Mix and match|Power boost to all|Synergy black|Synergy color share|Tap fuel creature|Tap outlet|Triggered ability|Typal creature|Typal vampire|Unexile
Markov Crusader,Gains haste|Lifegain|Typal creature|Typal vampire
Markov Enforcer,Burn|Burn creature|Card advantage|Death trigger|Discard outlet|Draw|Hunger trigger|Leaves battlefield trigger|Removal|Removal burn|Removal creature|Removal fight|Repeatable artifact tokens|Repeatable blood|Repeatable crime|Repeatable noncreature tokens|Repeatable removal|Repeatable token generator|Triggered ability|Typal creature|Typal vampire
Markov Purifier,Card advantage|Cycle|Cycle vow draft signpost|Draft signpost|Draw|Lifegain|Lifegain matters|Pure draw|Repeatable draw|Triggered ability
Markov Waltzer,Cycle|Cycle inr draft signpost|Cycle vow draft signpost|Draft signpost|Evasion|Multiple targets|Triggered ability
Markov Warlord,Multiple targets|Prevent blocker|Triggered ability
Marneus Calgar,Alt commander|Card advantage|Cycle|Cycle 40k alt commander|Draw|Mana sink|Pure draw|Repeatable creature tokens|Repeatable draw|Repeatable token generator|Synergy token|Thingfall|Tokenfall|Triggered ability
Marsh Flats,Cycle|Cycle land|Cycle nonmana land|Cycle zen fetchland|Fetchland|Life payment|Manaless land|Sacrifice self|Tutor|Tutor land|Tutor land plains|Tutor land swamp|Tutor land to battlefield|Tutor to|Tutor to battlefield
Marshland Bloodcaster,Evasion|Free cast another|Life payment
Martyr of Dusk,Death trigger|Death trigger self|Leaves battlefield trigger|Lifegain|Triggered ability
Maskwood Nexus,Grants changeling|Repeatable creature tokens|Repeatable token generator
Mass Hysteria,Gives haste
Massacre Wurm,Death trigger|Leaves battlefield trigger|Opponent loses life|Removal|Removal creature|Removal toughness|Sweeper|Sweeper one sided|Triggered ability
Master of Dark Rites,Mana dork|Mana producer|Ramp|Sacrifice outlet|Sacrifice outlet creature|Typal cleric|Typal creature|Typal demon|Typal vampire
"Mathas, Fiend Seeker",Alt commander|Card advantage|Cycle|Cycle c17 alt commander|Death trigger|Draw|Evasion|Group hug|Leaves battlefield trigger|Lifegain|Pure draw|Repeatable crime|Repeatable draw|Triggered ability
"Matzalantli, the Great Door",Card advantage|Card types in graveyard matter|Cards in graveyard matter|Discard outlet|Draw|Hand negative|Loot|Ramp
"Mavren Fein, Dusk Apostle",Attack trigger|Lifegain|Repeatable creature tokens|Repeatable token generator|Synergy attacker|Triggered ability|Typal creature|Typal vampire
Maximize Velocity,Castable from graveyard|Castable from nonhand|Discard outlet|Exile self|Gives haste|Single target instant/sorcery
Mayhem Devil,Burn|Burn any|Burn battle|Burn creature|Burn planeswalker|Burn player|Cycle|Cycle rvr u two color|Cycle war draft signpost|Draft signpost|Hate|Hate sacrifice|Removal|Removal burn|Removal creature|Removal planeswalker|Repeatable crime|Repeatable removal|Synergy sacrifice|Triggered ability
Maze of Ith,Damage prevention|Hate|Hate attacker|Manaless land|Namesake spell|Repeatable crime|Synergy attacker|Untapper|Untapper creature
Memory Vessel,Card advantage|Exile self|Gives castable from exile|Gives castable from nonhand|Impulsive draw|Mill|Mill exile|Prevent cast
Mental Misstep,Alternate cost life|Counterspell|Counterspell free|Counterspell with set mechanic|Discount self|Life payment|Manaless value|Phyrexian mana cost|Single target instant/sorcery
Mentor of the Meek,Card advantage|Creaturefall|Draw|Power matters|Pure draw|Repeatable draw|Thingfall|Triggered ability
Mephidross Vampire,Combat neutral damage trigger|Evasion|Triggered ability
Merciless Eviction,Cycle|Cycle 2xm r two color|Removal|Removal artifact|Removal creature|Removal enchantment|Removal exile|Removal planeswalker|Sweeper
Merfolk Looter,Card advantage|Discard outlet|Draw|Hand neutral|Loot
Metallic Mimic,Anthem|Power boost to all|Typal choose|Typal creature
Metamorphosis Fanatic,Delayed triggered ability|Gives lifelink|Keyword counter|Lifegain|Lifelink counter|Reanimate|Reanimate creature|Recursion|Recursion creature|Triggered ability
Meteor Crater,Synergy color each|Synergy colored
Meticulous Archive,Cycle|Cycle dual land|Cycle dual surveil land|Cycle land|Dual land|Library manipulation|Mill|Mill self|Nonbasic basic land type|Peek|Peek library|Surveil|Top deck manipulation|Triggered ability
"Midgar, City of Mako",Card advantage|Cycle|Cycle fin adventure land|Cycle land|Cycle mono land|Draw|Exile self|Hand positive|Plunder|Sacrifice outlet|Sacrifice outlet artifact|Sacrifice outlet creature|Synergy artifact
Midnight Arsonist,Multi removal|Multiple targets|Removal|Removal artifact|Removal destroy|Spot removal|Triggered ability|Typal creature|Typal vampire
Might of the Meek,Cantrip|Card advantage|Combat trick|Draw|Gives trample|Hand neutral|Pure draw|Single target instant/sorcery|Typal creature|Typal mouse
"Mikaeus, the Unhallowed",Anthem|Cycle|Cycle cmm m mono legend|Death trigger|Evasion|Gives undying|Hate|Hate set mechanic|Hate typal|Hate typal human|Leaves battlefield trigger|No mercy|Pillowfort|Power boost to all|Protects creature|Removal|Removal creature|Removal destroy|Repeatable removal|Retaliate to damage|Spot removal|Triggered ability|Typal creature|Typal non human
"Mikokoro, Center of the Sea",Card advantage|Draw|Group hug|Pure draw|Repeatable draw
Minas Tirith,Card advantage|Cycle|Cycle land|Cycle ltr legendary land|Cycle mono land|Draw|Mana sink|Pure draw|Repeatable draw|Synergy attacker|Synergy legendary
Mind Stone,Card advantage|Draw|Egg|Hand neutral|Mana producer|Mana rock|Pure draw|Ramp|Sacrifice self
Mindbreak Trap,Counterspell|Counterspell exile|Counterspell free|Counterspell with set mechanic|Exile from stack|Hate|Hate storm|Manaless value|Multiple targets|Potentially free|Remove from stack|Single target instant/sorcery
Mindcrank,Life loss matters|Mill|Mill opponent|Triggered ability
Mines of Moria,Cycle|Cycle land|Cycle ltr legendary land|Cycle mono land|Graveyard fuel|Mana filter|Mana sink|Mana storage|Ramp|Repeatable artifact tokens|Repeatable noncreature tokens|Repeatable token generator|Repeatable treasures|Synergy legendary
Minions' Murmurs,Burst draw|Card advantage|Creature count matters|Draw|Hand positive|Life for cards|Life payment|Pure draw
Mirkwood Bats,Evasion|Group slug|Opponent loses life|Synergy sacrifice|Synergy token|Triggered ability
Mirran Banesplitter,Auto equip|Combat trick|Triggered ability
Mirri the Cursed,Cycle|Cycle plc alternate reality legend|Evasion|Triggered ability
Mirror Box,Synergy legendary|Weaker in singleton formats
Mirror Entity,Cda subtype|Changeling|Characteristic defining ability|Cycle|Cycle lrw r changeling|Grants changeling|Mana sink|Power boost to all
Misdirection,Change target|Cycle|Cycle mmq pitchspell|Manaless value|Single target instant/sorcery|Synergy blue
Mishra's Bauble,Card advantage|Delayed triggered ability|Draw|Egg|Hand neutral|Manaless value|Namesake spell|Pure draw|Sacrifice self|Triggered ability
Mishra's Command,Burn|Burn creature|Burn planeswalker|Card advantage|Command|Cycle|Cycle bro command|Discard outlet|Draw|Gives haste|Multi removal|Multiple targets|Namesake spell|Removal|Removal burn|Removal creature|Removal planeswalker|Single target instant/sorcery|Spot removal
Mishra's Domination,Namesake spell|Prevent blocker
Mishra's Research Desk,Card advantage|Delayed triggered ability|Egg|Exile self|Gains haste|Gives castable from exile|Gives castable from nonhand|Impulsive draw|Namesake spell|Reanimate|Reanimate self|Recursion|Recursion self|Sacrifice self|Temporary reanimation|Triggered ability
Mister Negative,Burst draw|Card advantage|Draw|Inverted effects|Life for cards|Life payment|Lifegain|Opponent lifegain|Opponent loses life|Pure draw
Mistrise Village,Cycle|Cycle land|Cycle mono land|Cycle tdm utility land|Gives uncounterable|Hate|Hate counterspell|Synergy forest|Synergy mountain
Misty Rainforest,Cycle|Cycle land|Cycle nonmana land|Cycle zen fetchland|Fetchland|Life payment|Manaless land|Sacrifice self|Tutor|Tutor land|Tutor land forest|Tutor land island|Tutor land to battlefield|Tutor to|Tutor to battlefield
Mithril Coat,Auto equip|Combat trick|Gives indestructible|Protects creature|Synergy legendary|Triggered ability
Mizzium Mortars,Burn|Burn creature|Burn with set's mechanic|Removal|Removal burn|Removal creature|Single target instant/sorcery|Spot removal|Sweeper|Sweeper one sided
Mizzix's Mastery,Copy|Copy instant|Copy sorcery|Cost ignorer|Cycle|Cycle c15 commander reference|Exile on resolution|Exile self|Free cast another|Gives castable from exile|Gives castable from nonhand|Namesake spell|Recursion|Recursion instant|Recursion sorcery|Single target instant/sorcery|Synergy instant|Synergy sorcery
Mob Rule,Cycle|Cycle frf modal spell|Gives haste|Modal inverse choices|Theft|Theft mass|Untapper|Untapper creature
Mob Verdict,Burn|Burn creature|Burn player|Card advantage|Draw|Pure draw|Removal|Removal burn|Removal creature|Sweeper|Sweeper one sided|Voting
Mogg Salvage,Cycle|Cycle nem free spell|Hate|Hate island|Potentially free|Removal|Removal artifact|Removal destroy|Single target instant/sorcery|Spot removal|Synergy mountain
Molten Duplication,Copy|Copy artifact|Copy creature|Delayed triggered ability|Gives haste|Single target instant/sorcery|Triggered ability
Molten Echoes,Copy|Copy creature|Creaturefall|Delayed triggered ability|Repeatable creature tokens|Repeatable token generator|Thingfall|Triggered ability|Typal choose|Typal creature
Molten Exhale,Burn|Burn creature|Burn planeswalker|Cycle|Cycle tdm c behold|Removal|Removal burn|Removal creature|Removal planeswalker|Single target instant/sorcery|Spot removal|Typal creature|Typal dragon
Molten Gatekeeper,Burn|Burn player|Creaturefall|Delayed triggered ability|Exile self|Gains haste|Group slug|Pinger|Reanimate|Reanimate self|Recursion|Recursion self|Temporary reanimation|Triggered ability
Molten Influence,Burn|Burn player|Counterspell|Counterspell instant|Counterspell soft|Counterspell sorcery|Punisher|Single target instant/sorcery
Molten Psyche,Burn|Burn player|Card advantage|Draw|Draw hate|Group slug|Hand negative|Hate|Metalcraft|Synergy artifact|Wheel|Wheel symmetrical
"Mondrak, Glory Dominus",Cycle|Cycle one dominus|Gains indestructible|Indestructible counter|Keyword counter|Sacrifice outlet|Sacrifice outlet artifact|Sacrifice outlet creature|Synergy artifact|Synergy token|Token doubler|Token increaser
Monologue Tax,Cast trigger|Cast trigger other|Ramp|Repeatable artifact tokens|Repeatable noncreature tokens|Repeatable token generator|Repeatable treasures|Triggered ability
Monstrous Rage,Combat trick|Gives trample|Single target instant/sorcery
Monument to Endurance,Card advantage|Discard matters|Draw|Group slug|Opponent loses life|Pure draw|Ramp|Repeatable artifact tokens|Repeatable draw|Repeatable noncreature tokens|Repeatable token generator|Repeatable treasures|Triggered ability
Moonsilver Key,Egg|Mana abilities matter|Sacrifice self|Tutor|Tutor artifact|Tutor land|Tutor land basic|Tutor to|Tutor to hand
Morbid Opportunist,Card advantage|Death trigger|Draw|Leaves battlefield trigger|Morbid|Pure draw|Repeatable draw|Triggered ability
"Morlun, Devourer of Spiders",Burn|Burn player|Drain life|Inverted effects|Lifegain|Triggered ability
Morphic Pool,Cycle|Cycle bbd bond land|Cycle bondland|Cycle dual land|Cycle land|Dual land|Multiplayer
Mortify,Cycle|Cycle cns draft signpost|Draft signpost|Removal|Removal creature|Removal destroy|Removal enchantment|Single target instant/sorcery|Spot removal
Mortuary Mire,Cycle|Cycle bfz utilityland|Cycle land|Cycle mono land|Library manipulation|Recursion|Recursion creature|Restock creature|Restock to top|Top deck manipulation|Triggered ability
Mother of Runes,Gives evasion|Gives protection|Hate|Hate color|Hate color choose|Protects creature
Mount Doom,Burn|Burn player|Dual land|Group slug|Life payment|Mana sink|Removal|Removal creature|Removal destroy|Sacrifice outlet|Sacrifice outlet artifact|Sweeper|Synergy artifact|Synergy legendary
Mountain,Cycle|Cycle land|Cycle lea basic land|Cycle mono land
Mox Amber,Mana producer|Mana rock|Manaless value|Moxen|Ramp|Synergy color share|Synergy legendary|Synergy planeswalker
Mox Diamond,Discard outlet|Discard outlet land|Mana producer|Mana rock|Manaless value|Moxen|Ramp
Mox Opal,Mana producer|Mana rock|Manaless value|Metalcraft|Moxen|Ramp|Synergy artifact
Mulldrifter,Card advantage|Draw|Evasion|Hand positive|Pure draw|Triggered ability
Muraganda Raceway,Cycle|Cycle dft raceway|Life loss matters|Ramp|Triggered ability
Murder,Removal|Removal creature|Removal destroy|Single target instant/sorcery|Spot removal
Murderous Compulsion,Castable from exile|Castable from nonhand|Delayed triggered ability|Doomblade|Exile self|Hate|Hate tapped|Removal|Removal creature|Removal destroy|Single target instant/sorcery|Spot removal|Triggered ability|Unexile
Murderous Cut,Delve|Discount self|Graveyard fuel|Removal|Removal creature|Removal destroy|Single target instant/sorcery|Spot removal
Mutavault,Animate|Animate self|Becomes changeling
Myr Convert,Life payment|Mana dork|Mana producer|Ramp
Myriad Landscape,Fetchland|Ramp|Sacrifice self|Tutor|Tutor land|Tutor land basic|Tutor land to battlefield|Tutor to|Tutor to battlefield
Mysidian Elder,Burn|Burn player|Cast trigger|Cast trigger you|Group slug|Multiple bodies|Pinger|Synergy noncreature|Triggered ability
Mystic Gate,Cycle|Cycle dual land|Cycle hybrid filterland|Cycle land|Cycle shm filterland|Dual land|Filterland|Mana filter
Mystic Remora,Card advantage|Cast tax|Cast trigger|Cast trigger other|Draw|Pure draw|Repeatable draw|Rhystic|Triggered ability
Mystic Sanctuary,Cycle|Cycle eld adamant land|Cycle land|Cycle mono land|Library manipulation|Nonbasic basic land type|Recursion|Recursion instant|Recursion sorcery|Restock instant|Restock sorcery|Restock to top|Synergy island|Top deck manipulation|Triggered ability
Mythos of Snapdax,Cycle|Cycle iko mythos|Mana spent matters|Namesake spell|Removal|Removal artifact|Removal aura|Removal battle|Removal creature|Removal enchantment|Removal equipment|Removal nonland|Removal planeswalker|Removal sacrifice|Removal spacecraft|Removal vehicle|Self replacement effect|Sweeper
Nameless Inversion,Cda subtype|Changeling|Characteristic defining ability|Removal|Removal creature|Removal toughness|Single target instant/sorcery|Spot removal|Typal creature
Narset's Reversal,Copy|Copy instant|Copy sorcery|Counterspell|Counterspell bounce|Group hug|Namesake spell|Remove from stack|Single target instant/sorcery
"Narset, Parter of Veils",Card advantage|Cycle|Cycle war u planeswalker|Draw hate|Hate|Impulse|Impulse artifact|Impulse battle|Impulse enchantment|Impulse instant|Impulse planeswalker|Impulse sorcery|Passive ability|Repeatable impulse
Nasty End,Burst draw|Card advantage|Draw|Hand positive|Plunder|Sacrifice outlet|Sacrifice outlet creature|Self replacement effect|Synergy legendary
"Nazar, the Velvet Fang",Attack trigger|Burst draw|Card advantage|Counter fuel aesthetic|Counters matter|Draw|Evasion|Hand positive|Life for cards|Life payment|Lifegain matters|Pure draw|Repeatable draw|Synergy attacker self|Triggered ability
Necrodominance,Card advantage|Deal with the devil|Draw|Hand size decrease|Hate|Hate graveyard|Life for cards|Life payment|Phase manipulation|Pure draw|Triggered ability
Necroduality,Copy|Copy creature|Creaturefall|Repeatable creature tokens|Repeatable token generator|Thingfall|Triggered ability|Typal creature|Typal zombie
Necromancy,Delayed triggered ability|Enchant change|Reanimate|Reanimate creature|Reanimate from any|Reanimate from opponent|Recursion|Recursion creature|Substance|Theft|Triggered ability|Triggers at cleanup step
Necropolis Regent,Cycle|Cycle rtr m monocolor|Evasion|Exponential|Slith ability|Triggered ability
Necropotence,Card advantage|Deal with the devil|Delayed triggered ability|Life payment|Phase manipulation|Triggered ability
Needle Drop,Burn|Burn any|Burn battle|Burn creature|Burn planeswalker|Burn player|Cantrip|Card advantage|Draw|Hand neutral|Hate|Hate damaged|Pure draw|Removal|Removal burn|Removal creature|Removal planeswalker|Single target instant/sorcery
Needleverge Pathway,Cycle|Cycle dual land|Cycle land|Cycle pathway|Cycle znr pathway|Dual land
Negate,Counterspell|Counterspell noncreature|Single target instant/sorcery
Neglected Manor,Cycle|Cycle dsk thirteenland|Cycle dual land|Cycle land|Dual land|Life total matters self
"Neheb, the Eternal",Cycle|Cycle cmm m mono legend|Hate|Hate blocker|Life loss matters|Non mana ability mana|Opponent loses life|Ramp|Triggered ability
Neonate's Rush,Burn|Burn creature|Burn player|Cantrip|Card advantage|Cycle|Cycle mid c typal|Discount self|Draw|Hand neutral|Pure draw|Removal|Removal burn|Removal creature|Single target instant/sorcery|Spot removal|Typal creature|Typal vampire
Nesting Dovehawk,Copy|Copy token|Evasion|Repeatable creature tokens|Repeatable token generator|Synergy token|Synergy token creature|Triggered ability
Nettle Drone,Burn|Burn player|Cast trigger|Cast trigger you|Cda color|Characteristic defining ability|Group slug|Pinger|Synergy colorless|Triggered ability
"Neva, Stalked by Nightmares",Card advantage|Cycle|Cycle woe draft signpost|Death trigger|Draft signpost|Evasion|Leaves battlefield trigger|Library manipulation|Peek|Peek library|Recursion|Recursion creature|Recursion enchantment|Regrowth creature|Regrowth enchantment|Synergy enchantment|Top deck manipulation|Triggered ability
Nevinyrral's Disk,Namesake spell|Removal|Removal artifact|Removal creature|Removal destroy|Removal enchantment|Sweeper
New Blood,Indefinite effect|Single target instant/sorcery|Tap fuel creature|Tap outlet|Theft|Theft creature|Typal creature|Typal vampire
"Nezahal, Primal Tide",Card advantage|Cast trigger|Cast trigger other|Cycle|Cycle rix elder dinosaur|Delayed triggered ability|Discard outlet|Draw|Exile self|Flicker|Flicker self|Flicker slow|Hand size increase|Hate|Hate counterspell|Pure draw|Repeatable draw|Triggered ability
Nibelheim Aflame,Burn|Burn creature|Burst draw|Card advantage|Castable from graveyard|Castable from nonhand|Draw|Exile self|Miniwheel|One sided fight|Power matters|Removal|Removal burn|Removal creature|Single target instant/sorcery|Sweeper|Synergy graveyard cast|Wheel
Night Market,Card advantage|Color choose land|Draw|Hand neutral|Pure draw
Night's Whisper,Card advantage|Draw|Hand positive|Life for cards|Life payment|Pure draw
Nighthawk Scavenger,Card types in graveyard matter|Cards in graveyard matter|Cda power|Characteristic defining ability|Evasion|Lifegain
Nirkana Revenant,Mana increaser|Mana sink|Ramp|Shade pump|Synergy swamp|Triggered ability
No Mercy,No mercy|Pillowfort|Removal|Removal creature|Removal destroy|Repeatable removal|Retaliate to damage|Spot removal|Triggered ability
Nomad Outpost,Cycle|Cycle ktk wedgeland|Cycle land|Cycle triland|Cycle triple tapland|Triland|Wedgeland
Notion Thief,Aikido|Card advantage|Cycle|Cycle a25 r two color|Draw|Draw hate|Hate|Pure draw|Repeatable draw
Noxious Ghoul,Hate|Hate typal|Hate typal non zombie|Removal|Removal creature|Removal toughness|Repeatable removal|Sweeper|Triggered ability|Typal creature|Typal zombie
Null Elemental Blast,Counterspell|Hate|Hate color|Hate multicolor|Removal|Removal artifact|Removal aura|Removal battle|Removal creature|Removal destroy|Removal enchantment|Removal equipment|Removal nonland|Removal planeswalker|Removal spacecraft|Removal vehicle|Single target instant/sorcery|Spot removal
Null Rod,Hate|Hate activation|Hate artifact|Prevent activation|Wth storyline in cards
Nullpriest of Oblivion,Evasion|Lifegain|Reanimate|Reanimate creature|Recursion|Recursion creature|Triggered ability
"Nykthos, Shrine to Nyx",Ramp|Synergy color choose
Nyx Lotus,Mana producer|Mana rock|Ramp|Synergy color choose
O-Naginata,Evasion|Gives trample|Power matters
Oath of Mages,Burn|Burn player|Catch up|Cycle|Cycle exo oath|Pinger|Repeatable crime|Triggered ability
Oathsworn Vampire,Castable from graveyard|Castable from nonhand|Lifegain matters|Reanimate|Reanimate cast|Reanimate self|Recursion|Recursion self
Obscura Storefront,Cycle|Cycle land|Cycle nonmana land|Cycle snc fetchland|Fetchland|Lifegain|Manaless land|Sacrifice self|Triggered ability|Tutor|Tutor land|Tutor land basic|Tutor land basic island|Tutor land basic plains|Tutor land basic swamp|Tutor land to battlefield|Tutor to|Tutor to battlefield
Obsessive Stitcher,Card advantage|Cycle|Cycle m21 draft signpost|Discard outlet|Draft signpost|Draw|Loot|Reanimate|Reanimate creature|Recursion|Recursion creature|Sacrifice self
Obsidian Fireheart,Burn|Burn player|Triggered ability
Ocelot Pride,Copy|Copy token|Lifegain|Lifegain matters|Repeatable creature tokens|Repeatable token generator|Synergy token|Thingfall|Tokenfall|Triggered ability
Offer Immortality,Combat trick|Gives indestructible|Protects creature|Single target instant/sorcery
Ogre Battledriver,Creaturefall|Gives haste|Thingfall|Triggered ability
"Ojer Taq, Deepest Foundation",Cheat death self|Cycle|Cycle lci god|Death trigger|Death trigger self|Leaves battlefield trigger|Ramp|Synergy attacker|Synergy token|Synergy token creature|Token doubler|Token increaser|Triggered ability
Oliphaunt,Attack trigger|Cycle|Cycle ltr landcycler|Gives trample|Synergy attacker self|Triggered ability|Tutor|Tutor land|Tutor land mountain|Tutor to|Tutor to hand
Olivia Voldaren,Burn|Burn creature|Evasion|Hate|Hate typal|Hate typal vampire|Indefinite effect|Pinger|Removal|Removal burn|Removal creature|Repeatable crime|Repeatable removal|Spot removal|Theft|Theft creature|Typal creature
Olivia's Attendants,Burn|Burn any|Burn battle|Burn creature|Burn planeswalker|Burn player|Card advantage|Combat neutral damage trigger|Discard outlet|Draw|Evasion|Hand negative|Mana sink|Namesake spell|Pinger|Removal|Removal burn|Removal creature|Removal planeswalker|Repeatable artifact tokens|Repeatable blood|Repeatable crime|Repeatable noncreature tokens|Repeatable removal|Repeatable token generator|Triggered ability
Olivia's Bloodsworn,Cycle|Cycle soi draft signpost|Draft signpost|Evasion|Gives haste|Namesake spell|Offcolor ability|Typal creature|Typal vampire
Olivia's Dragoon,Discard outlet|Evasion|Jump|Namesake spell
Olivia's Wrath,Namesake spell|Removal|Removal creature|Removal toughness|Sweeper|Typal creature|Typal vampire
"Olivia, Crimson Bride",Attack trigger|Evasion|Reanimate|Reanimate creature|Recursion|Recursion creature|State trigger|Synergy attacker self|Synergy legendary|Triggered ability|Typal creature|Typal vampire
"Olivia, Mobilized for War",Creaturefall|Discard outlet|Evasion|Gives haste|Indefinite effect|Thingfall|Triggered ability
Opal Palace,Buff mana|Commander identity matters|Commander matters|Mana filter|Recasting commander matters|Synergy commander
Opera Love Song,Card advantage|Combat trick|Gives castable from exile|Gives castable from nonhand|Impulsive draw|Multiple targets|Single target instant/sorcery
Opposition Agent,Aikido|Gives castable from exile|Gives castable from nonhand|Hate|Hate tutor|Theft|Theft cast|Turn control|Tutor|Tutor from opponent|Tutor interaction|Tutor to|Tutor to exile
Oppression,Cast trigger|Discard|Discard outlet|Triggered ability|Usg storyline in cards
Orcish Bowmasters,Burn|Burn any|Burn battle|Burn creature|Burn planeswalker|Burn player|Draw hate|Hate|Hatebear|Multiple bodies|Pinger|Removal|Removal burn|Removal creature|Removal planeswalker|Repeatable crime|Repeatable removal|Triggered ability|Typal army|Typal creature
Order of Sacred Dusk,Attack trigger|Convoke|Discount self|Evasion|Gives exalted|Lifegain|Mix and match|Synergy attacker|Synergy black|Synergy color share|Synergy white|Tap fuel creature|Tap outlet|Triggered ability|Typal creature|Typal vampire
Ore-Rich Stalactite,Exile self|Free cast another|Gives castable from exile|Gives castable from nonhand|Graveyard fuel|Graveyard fuel instant|Graveyard fuel sorcery|Mana producer|Mana rock|Ramp|Synergy instant|Synergy red|Synergy sorcery
Orim's Chant,Namesake spell|Prevent attack|Prevent cast|Pseudo fog|Silence|Single target instant/sorcery
Oriq Loremage,Synergy instant|Synergy sorcery|Tutor|Tutor card|Tutor to|Tutor to graveyard
Ornithopter of Paradise,Evasion|Mana dork|Mana producer|Ramp
Orzhov Basilica,Bounce|Bounceland|Cycle|Cycle dual land|Cycle land|Cycle rav bounceland|Dual land|Rescue land|Triggered ability
Orzhov Guildgate,Cycle|Cycle dual land|Cycle guildgate|Cycle land|Dual land
Orzhov Signet,Cycle|Cycle rav signet|Mana filter|Mana producer|Mana rock|Ramp
"Otawara, Soaring City",Bounce|Cycle|Cycle land|Cycle mono land|Cycle neo legendary land|Removal|Removal artifact|Removal bounce|Removal creature|Removal enchantment|Removal planeswalker|Spot removal|Synergy legendary
Outpost Siege,Burn|Burn any|Burn battle|Burn creature|Burn planeswalker|Burn player|Card advantage|Cycle|Cycle frf siege|Gives castable from exile|Gives castable from nonhand|Impulsive draw|Leaves battlefield trigger|Removal|Removal burn|Removal creature|Removal planeswalker|Repeatable crime|Repeatable impulsive draw|Repeatable removal|Triggered ability
Overlord of the Boilerbilges,Attack trigger|Burn|Burn any|Burn battle|Burn creature|Burn planeswalker|Burn player|Cycle|Cycle dsk overlord|Removal|Removal burn|Removal creature|Removal planeswalker|Repeatable crime|Repeatable removal|Synergy attacker self|Triggered ability
Overlord of the Floodpits,Attack trigger|Card advantage|Catalog|Cycle|Cycle dsk overlord|Discard outlet|Draw|Evasion|Hand neutral|Loot|Repeatable draw|Synergy attacker self|Triggered ability
Overmaster,Cantrip|Card advantage|Draw|Gives uncounterable|Hand neutral|Hate|Hate counterspell|Pure draw|Synergy instant|Synergy sorcery
Oversold Cemetery,Card advantage|Cards in graveyard matter|Recursion|Recursion creature|Regrowth creature|Triggered ability|Undergrowth
Pact of Negation,Alternate loss condition|Counterspell|Counterspell free|Counterspell with set mechanic|Cycle|Cycle fut pact|Delayed payment|Delayed triggered ability|Manaless value|Single target instant/sorcery|Triggered ability
Pact of the Serpent,Burst draw|Card advantage|Draw|Hate|Hate typal|Hate typal choose|Life for cards|Life payment|Opponent loses life|Pure draw|Single target instant/sorcery|Typal choose|Typal creature
Pain Distributor,Burn|Burn player|Cast trigger|Death trigger|Evasion|Group hug|Hate|Hate artifact|Leaves battlefield trigger|Pinger|Ramp|Repeatable artifact tokens|Repeatable noncreature tokens|Repeatable token generator|Repeatable treasures|Triggered ability
Pain for All,Burn|Burn any|Burn battle|Burn creature|Burn planeswalker|Burn player|Power matters|Removal|Removal burn|Removal creature|Removal planeswalker|Triggered ability
Painful Truths,Burst draw|Card advantage|Converge|Draw|Hand neutral|Hand positive|Life for cards|Life payment|Mana spent matters|Pure draw
Paladin Class,Anthem|Attack trigger|Cost increaser|Mana sink|Power boost to all|Synergy attacker|Triggered ability
Paladin of Atonement,Death trigger|Death trigger self|Leaves battlefield trigger|Life loss matters|Lifegain|Toughness matters|Toughness matters self|Triggered ability
Palinchron,Bounce self|Evasion|Mana sink|Triggered ability|Untapper|Untapper land
Panharmonicon,Synergy artifact|Trigger doubler
Panicked Altisaur,Burn|Burn player|Group slug
Paradise Mantle,Mana producer|Mana rock|Ramp|Tap fuel creature|Tap outlet
Party Thrasher,Card advantage|Cost reducer|Discard outlet|Gives castable from exile|Gives castable from nonhand|Impulsive draw|Repeatable impulsive draw|Synergy exile cast|Synergy noncreature|Tap fuel creature|Tap outlet|Triggered ability
Past in Flames,Castable from graveyard|Castable from nonhand|Exile self|Gives castable from graveyard|Gives castable from nonhand|Gives flashback|Recursion|Recursion instant|Recursion sorcery|Synergy instant|Synergy sorcery
Patchwork Banner,Anthem|Mana producer|Mana rock|Power boost to all|Ramp|Typal choose|Typal creature
Path of Ancestry,Buff mana|Cast trigger|Cast trigger you|Commander identity matters|Commander matters|Delayed triggered ability|Library manipulation|Peek|Peek library|Synergy color share|Synergy commander|Top deck manipulation|Triggered ability|Typal creature|Typal share
Path of Bravery,Anthem|Attack trigger|Life total matters self|Lifegain|Lifegain matters|Power boost to all|Synergy attacker|Triggered ability
Path of the Pyromancer,Card advantage|Cycle|Cycle moc path|Draw|Hand neutral|Hand size matters|Ramp|Ritual|Voting|Wheel
Path to Exile,Ramp|Removal|Removal creature|Removal exile|Single target instant/sorcery|Spot removal|Tutor|Tutor land|Tutor land basic|Tutor land to battlefield|Tutor to|Tutor to battlefield
Pathrazer of Ulamog,Attack trigger|Evasion|Namesake spell|Removal|Removal artifact|Removal aura|Removal battle|Removal creature|Removal enchantment|Removal equipment|Removal land|Removal permanent|Removal planeswalker|Removal sacrifice|Removal spacecraft|Removal vehicle|Repeatable removal|Spot removal|Super menace|Synergy attacker self|Triggered ability
Patriarch's Bidding,Reanimate|Reanimate creature|Recursion|Recursion creature|Typal choose|Typal creature
Patron of the Vein,Death trigger|Evasion|Hate|Hate graveyard|Leaves battlefield trigger|Removal|Removal creature|Removal destroy|Spot removal|Triggered ability|Typal creature|Typal vampire
Pawn of Ulamog,Death trigger|Leaves battlefield trigger|Namesake spell|Ramp|Repeatable creature tokens|Repeatable token generator|Triggered ability
Pearl Medallion,Cost reducer|Cycle|Cycle tmp medallion|Ramp|Synergy white
Peregrine Drake,Evasion|Triggered ability|Untapper|Untapper land
Persist,Reanimate|Reanimate creature|Recursion|Recursion creature|Single target instant/sorcery
Phage the Untouchable,Alternate loss condition|Alternate win condition|Cycle|Cycle cns m monocolor|Deprecated legend type|Old damage deathtouch|Removal|Removal creature|Repeatable removal|Triggered ability
Phyrexian Altar,Free sacrifice outlet|Mana producer|Mana rock|Ramp|Sacrifice outlet|Sacrifice outlet creature
Phyrexian Arena,Card advantage|Cycle|Cycle apc phyrexian vertical|Deal with the devil|Draw|Life for cards|Life payment|Pure draw|Repeatable draw|Triggered ability
Phyrexian Censor,Hate|Hate storm|Kismet effect|Rule of law|Typal creature|Typal phyrexian
Phyrexian Furnace,Card advantage|Draw|Egg|Graveyard fuel|Hand neutral|Hate|Hate graveyard|Pure draw|Repeatable crime|Sacrifice self
Phyrexian Metamorph,Alternate cost life|Clone|Copy|Copy artifact|Copy creature|Discount self|Life payment|Phyrexian mana cost|Synergy artifact
Phyrexian Reclamation,Card advantage|Life for cards|Life payment|Recursion|Recursion creature|Regrowth creature
Phyrexian Tower,Cycle|Cycle land|Cycle mono land|Cycle usg legendary land|Ramp|Sacrifice outlet|Sacrifice outlet creature
Pia and Kiran Nalaar,Burn|Burn any|Burn battle|Burn creature|Burn planeswalker|Burn player|Cycle|Cycle ori mentor|Evasion|Mana sink|Multiple bodies|Removal|Removal burn|Removal creature|Removal planeswalker|Repeatable removal|Sacrifice outlet|Sacrifice outlet artifact|Synergy artifact|Triggered ability
Pillar of Flame,Burn|Burn any|Burn battle|Burn creature|Burn planeswalker|Burn player|Removal|Removal burn|Removal creature|Removal planeswalker|Single target instant/sorcery
Pinnacle Monk,Card advantage|Cast trigger|Cast trigger you|Cycle|Cycle land|Cycle mh3 mdfc mono land|Cycle mono land|Life payment|Recursion|Recursion instant|Recursion sorcery|Regrowth instant|Regrowth sorcery|Synergy noncreature|Triggered ability
Pirate's Pillage,Card advantage|Discard outlet|Draw|Hand neutral|Pillage effect|Ramp
Pit of Offerings,Graveyard fuel|Hate|Hate graveyard|Multiple targets|Synergy color each|Triggered ability
Pitiless Plunderer,Death trigger|Leaves battlefield trigger|Ramp|Repeatable artifact tokens|Repeatable noncreature tokens|Repeatable token generator|Repeatable treasures|Triggered ability
Plains,Cycle|Cycle land|Cycle lea basic land|Cycle mono land
Plasma Bolt,Burn|Burn any|Burn battle|Burn creature|Burn planeswalker|Burn player|Burn with set's mechanic|Removal|Removal burn|Removal creature|Removal planeswalker|Single target instant/sorcery|Synergy warp
Plateau,Cycle|Cycle abu dual land|Cycle dual land|Cycle land|Dual land|Nonbasic basic land type
Play with Fire,Burn|Burn any|Burn battle|Burn creature|Burn planeswalker|Burn player|Library manipulation|Peek|Peek library|Removal|Removal burn|Removal creature|Removal planeswalker|Single target instant/sorcery|Top deck manipulation
Playful Shove,Burn|Burn any|Burn battle|Burn creature|Burn planeswalker|Burn player|Cantrip|Card advantage|Draw|Hand neutral|Pure draw|Removal|Removal burn|Removal creature|Removal planeswalker|Single target instant/sorcery
Plaza of Heroes,Combat trick|Exile self|Gives hexproof|Gives indestructible|Protects creature|Synergy color each|Synergy legendary
Plumb the Forbidden,Card advantage|Delayed triggered ability|Draw|Hand neutral|Hand positive|Life for cards|Life payment|Plunder|Pure draw|Sacrifice outlet|Sacrifice outlet creature|Triggered ability
Pointed Discussion,Card advantage|Discard outlet|Draw|Hand positive|Life for cards|Life payment|Pure draw
Polluted Delta,Cycle|Cycle land|Cycle nonmana land|Cycle ons fetchland|Fetchland|Life payment|Manaless land|Sacrifice self|Tutor|Tutor land|Tutor land island|Tutor land swamp|Tutor land to battlefield|Tutor to|Tutor to battlefield
Pollywog Prodigy,Card advantage|Cast trigger|Cast trigger other|Creaturefall|Draw|Hate|Hate noncreature|Mana value matters|Power matters|Power matters self|Pure draw|Repeatable draw|Thingfall|Toughness matters|Triggered ability
Port Town,Cycle|Cycle dual land|Cycle land|Cycle reveal land|Cycle soi reveal land|Dual land|Synergy island|Synergy plains
Possibility Storm,Card advantage|Cast trigger|Consult cast|Counterspell|Counterspell automatic|Counterspell tuck|Free cast another|Remove from stack|Triggered ability
Power Surge,Burn|Burn player|Burn player each|Group slug|Triggered ability
Powerbalance,Cast trigger|Cast trigger other|Cost ignorer|Free cast another|Gives castable from library|Gives castable from nonhand|Mana value matters|Play from top|Triggered ability
Prairie Stream,Cares about basic land|Cycle|Cycle bfz tangoland|Cycle dual land|Cycle land|Cycle tangoland|Dual land|Lands matter|Nonbasic basic land type
Preacher of the Schism,Attack trigger|Card advantage|Catch up|Draw|Life for cards|Life payment|Lifegain matters|Pure draw|Repeatable creature tokens|Repeatable draw|Repeatable token generator|Synergy attacker self|Triggered ability
Price of Fame,Discount self|Hate|Hate legendary|Library manipulation|Mill|Mill self|Peek|Peek library|Removal|Removal creature|Removal destroy|Single target instant/sorcery|Spot removal|Surveil|Top deck manipulation
Price of Progress,Burn|Burn player|Group slug|Hate|Hate nonbasic land
Prismatic Lens,Mana filter|Mana producer|Mana rock|Ramp
Prismatic Vista,Fetchland|Life payment|Manaless land|Sacrifice self|Tutor|Tutor land|Tutor land basic|Tutor land to battlefield|Tutor to|Tutor to battlefield
Prisoner's Dilemma,Burn|Burn player|Castable from graveyard|Castable from nonhand|Exile self|Group slug|Multiplayer
Prodigal Pyromancer,Burn|Burn any|Burn battle|Burn creature|Burn planeswalker|Burn player|Cycle|Cycle plc tsb colorshift|Pinger|Removal|Removal burn|Removal creature|Removal planeswalker|Repeatable crime|Repeatable removal
Professional Face-Breaker,Card advantage|Combat ramp|Curiosity like|Evasion|Free sacrifice outlet|Gives castable from exile|Gives castable from nonhand|Impulsive curiosity|Impulsive draw|Ramp|Repeatable artifact tokens|Repeatable impulsive draw|Repeatable noncreature tokens|Repeatable token generator|Repeatable treasures|Sacrifice outlet|Synergy treasure|Triggered ability
Promise of Aclazotz,Castable from exile|Castable from nonhand|Copy|Copy token|Exile self|Namesake spell|Repeatable creature tokens|Repeatable token generator|Sacrifice outlet|Sacrifice outlet creature|Synergy token|Synergy token creature|Triggered ability|Unexile
Prophet of the Scarab,Burst draw|Card advantage|Cards in graveyard matter|Creature count matters|Draw|Pure draw|Triggered ability|Typal creature|Typal zombie
Psychic Frog,Card advantage|Curiosity|Curiosity like|Cycle|Cycle mh3 r m two color|Discard outlet|Draw|Evasion|Graveyard fuel|Pure draw|Repeatable draw|Triggered ability
Public Thoroughfare,Rupture spire|Synergy artifact|Tap fuel artifact|Tap fuel land|Tap outlet|Triggered ability
Pulse Tracker,Attack trigger|Group slug|Opponent loses life|Synergy attacker self|Triggered ability
Purging Stormbrood,Combat trick|Counter removal|Cycle|Cycle tdm u omen|Evasion|Gives hexproof|Gives lifelink|Lifegain|Opponent loses life|Protects creature|Single target instant/sorcery|Triggered ability|Tuck self
"Purphoros, God of the Forge",Burn|Burn player|Creaturefall|Cycle|Cycle cmm m mono legend|Cycle ths major god|Group slug|Indestructible god|Mana sink|Power boost to all|Synergy red|Triggered ability
Putrid Imp,Cards in graveyard matter|Discard outlet|Evasion|Jump
Pyre of Heroes,Birthing pod|Mana value matters|Sacrifice outlet|Sacrifice outlet creature|Tutor|Tutor creature|Tutor to|Tutor to battlefield|Typal creature|Typal share
Pyretic Ritual,Ramp|Ritual
Pyrite Spellbomb,Bombard self|Burn|Burn any|Burn battle|Burn creature|Burn planeswalker|Burn player|Card advantage|Cycle|Cycle mrd spellbomb|Draw|Egg|Pure draw|Removal|Removal burn|Removal creature|Removal planeswalker|Sacrifice self
Pyroblast,Counterspell|Hate|Hate blue|Hate color|Interrupt|Removal|Removal artifact|Removal aura|Removal battle|Removal creature|Removal destroy|Removal enchantment|Removal equipment|Removal nonland|Removal planeswalker|Removal spacecraft|Removal vehicle|Single target instant/sorcery|Spot removal
Pyroclastic Hellion,Bounce|Burn|Burn player|Group slug|Rescue land|Triggered ability
Pyrohemia,Burn|Burn creature|Burn player|Burn player each|Group slug|Mana sink|Removal|Removal burn|Removal creature|Repeatable removal|Sweeper|Triggered ability
Pyrokinesis,Burn|Burn creature|Cost ignorer|Cycle|Cycle all pitch spell|Manaless value|Multi removal|Multiple targets|Removal|Removal burn|Removal creature|Single target instant/sorcery|Spot removal|Synergy red
Pyromancer's Goggles,Buff mana|Cast trigger|Cast trigger you|Copy|Copy instant|Copy sorcery|Delayed triggered ability|Mana producer|Mana rock|Namesake spell|Ramp|Synergy instant|Synergy red|Synergy sorcery|Triggered ability
Pyromatics,Burn|Burn any|Burn battle|Burn creature|Burn planeswalker|Burn player|Cast trigger|Cast trigger self|Copy|Copy self|Multi removal|Multiple targets|Removal|Removal burn|Removal creature|Removal planeswalker|Single target instant/sorcery|Triggered ability
Pyrostatic Pillar,Burn|Burn player|Cast trigger|Mana value matters|Triggered ability
Qarsi Revenant,Deathtouch counter|Evasion|Exile self|Flying counter|Gives evasion|Gives flying|Gives lifelink|Graveyard fuel self|Keyword counter|Lifegain|Lifelink counter
Quag Vampires,Cycle|Cycle wwk c multikicker|Evasion
Queen Brahne,Attack trigger|Burn|Burn player|Cast trigger|Cast trigger you|Group slug|Pinger|Repeatable creature tokens|Repeatable token generator|Synergy attacker self|Synergy noncreature|Triggered ability
Queen's Bay Paladin,Attack trigger|Life payment|Reanimate|Reanimate creature|Recursion|Recursion creature|Synergy attacker self|Triggered ability|Typal creature|Typal vampire
Quest for Pure Flame,Counter fuel aesthetic|Counters matter|Cycle|Cycle zen quest|Damage multiplier|Triggered ability
"Rabanastre, Royal City",Cycle|Cycle dual land|Cycle fin dual town|Cycle land|Dual land
Radiant Destiny,Anthem|Power boost to all|Typal choose|Typal creature
Radiant Fountain,Lifegain|Triggered ability
Radiant Summit,Cares about basic land|Cycle|Cycle dual land|Cycle land|Cycle tangoland|Dual land|Lands matter|Nonbasic basic land type
Raffine's Tower,Card advantage|Cycle|Cycle cycling land|Cycle land|Cycle snc triland|Cycle triland|Draw|Hand neutral|Namesake spell|Nonbasic basic land type|Pure draw|Shardland|Tricycle land|Triland
"Raffine, Scheming Seer",Attack trigger|Card advantage|Cycle|Cycle snc leader|Discard outlet|Draw|Evasion|Loot|Rhystic|Synergy attacker|Triggered ability
"Ragavan, Nimble Pilferer",Combat ramp|Curiosity like|Delayed triggered ability|Gains haste|Gives castable from exile|Gives castable from nonhand|Mill|Mill exile|Mill opponent|Ramp|Repeatable artifact tokens|Repeatable noncreature tokens|Repeatable token generator|Repeatable treasures|Theft|Theft cast|Triggered ability
Rage Reflection,Cycle|Cycle shm reflection
Raid Bombardment,Attack trigger|Burn|Burn planeswalker|Burn player|Hate|Hate planeswalker|Power matters|Removal|Removal burn|Removal planeswalker|Repeatable removal|Synergy attacker|Triggered ability
Rain of Embers,Burn|Burn creature|Burn player|Burn player each|Group slug|Removal|Removal burn|Removal creature|Sweeper
Rain of Riches,Card advantage|Cast trigger|Cast trigger you|Consult cast|Free cast another|Gives cascade|Gives castable from exile|Gives castable from nonhand|Mana spent matters|Ramp|Synergy treasure|Triggered ability
Raise Dead,Card advantage|Hand neutral|Recursion|Recursion creature|Regrowth creature|Single target instant/sorcery
Rakdos Carnarium,Bounce|Bounceland|Cycle|Cycle dual land|Cycle land|Cycle rav bounceland|Dual land|Rescue land|Triggered ability
Rakdos Guildgate,Cycle|Cycle dual land|Cycle guildgate|Cycle land|Dual land
Rakdos Signet,Cycle|Cycle rav signet|Mana filter|Mana producer|Mana rock|Ramp
Rakish Heir,Slith ability|Triggered ability|Typal creature|Typal vampire
Rally the Ancestors,Delayed triggered ability|Exile on resolution|Exile self|Mana value matters|Reanimate|Reanimate creature|Recursion|Recursion creature|Temporary reanimation|Triggered ability
Rampaging Ferocidon,Burn|Burn player|Creaturefall|Evasion|Hate|Hate lifegain|Triggered ability
Ramunap Ruins,Burn|Burn player|Cycle|Cycle hou desert painland|Cycle land|Cycle mono land|Group slug|Life payment|Sacrifice outlet|Sacrifice outlet land|Sacrifice self|Synergy desert
Ranger's Firebrand,Burn|Burn any|Burn battle|Burn creature|Burn planeswalker|Burn player|Burn with set's mechanic|Gives evasion|Removal|Removal burn|Removal creature|Removal planeswalker|Single target instant/sorcery
Ranger-Captain of Eos,Prevent cast|Sacrifice self|Triggered ability|Tutor|Tutor creature|Tutor mv|Tutor to|Tutor to hand
Rapid Hybridization,Removal|Removal creature|Removal destroy|Single target instant/sorcery|Spot removal
Ratadrabik of Urborg,Copy|Copy creature|Copy legendary|Cycle|Cycle dmu r two color legend|Death trigger|Leaves battlefield trigger|Repeatable creature tokens|Repeatable token generator|Rhystic|Synergy legendary|Triggered ability|Typal creature|Typal zombie
Raucous Carnival,Cycle|Cycle dsk thirteenland|Cycle dual land|Cycle land|Dual land|Life total matters self
Raucous Theater,Cycle|Cycle dual land|Cycle dual surveil land|Cycle land|Dual land|Library manipulation|Mill|Mill self|Nonbasic basic land type|Peek|Peek library|Surveil|Top deck manipulation|Triggered ability
Ravenous Amulet,Card advantage|Draw|Egg|Group slug|Opponent loses life|Plunder|Repeatable draw|Sacrifice outlet|Sacrifice outlet creature|Sacrifice self
"Razaketh, the Foulblooded",Cycle|Cycle cmm m mono legend|Evasion|Life payment|Liliana's pact demon|Sacrifice outlet|Sacrifice outlet creature|Tutor|Tutor card|Tutor to|Tutor to hand
Raze the Effigy,Combat trick|Removal|Removal artifact|Removal destroy|Single target instant/sorcery|Spot removal|Synergy attacker
Razorkin Needlehead,Burn|Burn player|Draw hate|Group slug|Hate|Hatebear|Triggered ability
Razortrap Gorge,Cycle|Cycle dsk thirteenland|Cycle dual land|Cycle land|Dual land|Life total matters self
Read the Bones,Card advantage|Draw|Hand positive|Library manipulation|Life for cards|Life payment|Peek|Peek library|Pure draw|Top deck manipulation
Reality Shift,Removal|Removal creature|Removal exile|Single target instant/sorcery|Spot removal
Reanimate,Life payment|Reanimate|Reanimate creature|Reanimate from any|Reanimate from opponent|Recursion|Recursion creature|Single target instant/sorcery|Theft
Rebuff the Wicked,Counterspell|Protects creature|Single target instant/sorcery
Reckless Barbarian,Mana dork egg|Mana producer|Ramp|Sacrifice self
Reckless Charge,Castable from graveyard|Castable from nonhand|Exile self|Gives haste|Single target instant/sorcery
Reckless Fireweaver,Artifactfall|Burn|Burn player|Group slug|Synergy artifact|Triggered ability
Reckless Handling,Burn|Burn player|Discard outlet|Discarded type matters|Gamble|Group slug|Synergy artifact|Tutor|Tutor artifact|Tutor to|Tutor to hand
Reckless Impulse,Card advantage|Gives castable from exile|Gives castable from nonhand|Impulsive draw
Reconnaissance,Remove from combat|Synergy attacker|Untapper|Untapper creature
Red Elemental Blast,Counterspell|Hate|Hate blue|Hate color|Interrupt|Removal|Removal artifact|Removal aura|Removal battle|Removal creature|Removal destroy|Removal enchantment|Removal equipment|Removal nonland|Removal planeswalker|Removal spacecraft|Removal vehicle|Single target instant/sorcery|Spot removal
Red Mage's Rapier,Cast trigger|Cast trigger you|Synergy noncreature|Triggered ability
Redemption Choir,Attack trigger|Lifegain|Mana value matters|Reanimate|Reanimate permanent|Recursion|Recursion permanent|Synergy attacker self|Triggered ability
Redirect Lightning,Change target|Life payment|Single target instant/sorcery
Reflecting Pool,
Reforge the Soul,Burst draw|Card advantage|Cycle|Cycle avr r miracle|Delayed triggered ability|Discard|Discard hand|Discard outlet|Draw|Triggered ability|Wheel|Wheel symmetrical
Refute,Card advantage|Counterspell|Discard outlet|Draw|Hand negative|Loot|Single target instant/sorcery
Reiterate,Copy|Copy instant|Copy sorcery|Cycle|Cycle tsp r buyback|Mana sink|Single target instant/sorcery
Relentless Assault,Extra combat phase|Synergy attacker|Untapper|Untapper creature
Relic of Legends,Mana producer|Mana rock|Ramp|Synergy legendary|Tap fuel creature|Tap outlet
Reliquary Tower,Hand size increase
Renegade Tactics,Cantrip|Card advantage|Draw|Hand neutral|Prevent blocker|Pure draw|Single target instant/sorcery
Renewed Solidarity,Anthem|Copy|Copy token|Power boost to all|Synergy token|Synergy token creature|Thingfall|Tokenfall|Triggered ability|Typal choose|Typal creature
Repeated Reverberation,Cast trigger|Cast trigger you|Copy|Copy ability|Copy instant|Copy sorcery|Cycle|Cycle m20 doubles|Delayed triggered ability|Synergy planeswalker|Triggered ability
Repercussion,Burn|Burn player|Triggered ability
Reprieve,Cantrip|Card advantage|Counterspell|Counterspell bounce|Draw|Hand neutral|Pure draw|Single target instant/sorcery
Requiem Monolith,Burn|Burn creature|Burst draw|Card advantage|Draw|Group hug|Hand neutral|Hand positive|Life for cards|Life payment|Opponent loses life|Removal|Removal burn|Removal creature|Repeatable crime|Repeatable draw|Spot removal|Synergy burn|Triggered ability
Requisition Raid,Disenchant/naturalize|Gives pp counters to all|Multi removal|Multiple targets|Power boost to all|Removal|Removal artifact|Removal destroy|Removal enchantment|Single target instant/sorcery|Spot removal
Resistance Reunited,Combat trick|Gives indestructible|Single target instant/sorcery|Synergy equipment
Restless Bloodseeker,Card advantage|Discard outlet|Drain life|Draw|Group slug|Inverted effects|Lifegain|Lifegain matters|Mana sink|Opponent loses life|Repeatable artifact tokens|Repeatable blood|Repeatable noncreature tokens|Repeatable token generator|Synergy blood|Transform improvement|Triggered ability
Restless Fortress,Animate|Animate self|Attack trigger|Color change self|Cycle|Cycle dual creatureland|Cycle dual land|Cycle land|Cycle restless land|Cycle woe restless land|Drain life|Dual land|Inverted effects|Lifegain|Opponent loses life|Synergy attacker self|Triggered ability
Restoration Magic,Combat trick|Gives hexproof|Gives indestructible|Lifegain|Protects artifact|Protects creature|Protects enchantment|Protects land|Protects permanent|Protects planeswalker|Single target instant/sorcery
Resurrection Orb,Death trigger|Delayed triggered ability|Gives lifelink|Leaves battlefield trigger|Lifegain|Protects creature|Triggered ability
Retreat to Valakut,Cycle|Cycle bfz retreat|Landfall|Lands matter|Prevent blocker|Triggered ability
Return the Favor,Change target|Copy|Copy ability|Copy instant|Copy sorcery|Multiple targets|Single target instant/sorcery
Return the Past,Gives castable from graveyard|Gives castable from nonhand|Gives flashback|Recursion|Synergy instant|Synergy sorcery
Return to Dust,Cycle|Cycle tsp addendum|Disenchant/naturalize|Multi removal|Multiple targets|Removal|Removal artifact|Removal enchantment|Removal exile|Single target instant/sorcery|Spot removal
Revel in Riches,Alternate win condition|Death trigger|Leaves battlefield trigger|Ramp|Repeatable artifact tokens|Repeatable noncreature tokens|Repeatable token generator|Repeatable treasures|Synergy treasure|Triggered ability
Reverberate,Copy|Copy instant|Copy sorcery|Single target instant/sorcery
Rhet-Tomb Mystic,Card advantage|Discard outlet|Discard outlet creature|Draw|Evasion|Gives cycling
Rhystic Study,Card advantage|Cast tax|Cast trigger|Cast trigger other|Draw|Pure draw|Repeatable draw|Rhystic|Triggered ability
Ricochet Trap,Change target|Cycle|Cycle wwk enemy hate trap|Hate|Hate blue|Hate color|Single target instant/sorcery
Rift Bolt,Burn|Burn any|Burn battle|Burn creature|Burn planeswalker|Burn player|Burn with set's mechanic|Castable from exile|Castable from nonhand|Exile self|Removal|Removal burn|Removal creature|Removal planeswalker|Single target instant/sorcery|Trigger from exile|Triggered ability|Unexile
Ring of Valkas,Cycle|Cycle m13 shandalar ring|Gives haste|Synergy red|Triggered ability
Ringsight,Cycle|Cycle ltr draft signpost|Draft signpost|Gives evasion|Synergy color share|Synergy legendary|Tutor|Tutor card|Tutor to|Tutor to hand
Riptide Gearhulk,Cast trigger|Cast trigger you|Cycle|Cycle dft gearhulk|Multi removal|Multiple targets|Removal|Removal artifact|Removal aura|Removal battle|Removal creature|Removal enchantment|Removal equipment|Removal nonland|Removal planeswalker|Removal spacecraft|Removal tuck|Removal vehicle|Spot removal|Synergy noncreature|Triggered ability
Rise of the Dark Realms,Reanimate|Reanimate creature|Reanimate from any|Reanimate from opponent|Recursion|Recursion creature|Theft
Rising of the Day,Gives haste|Power boost to all|Synergy legendary
Risk Factor,Burn|Burn player|Burst draw|Card advantage|Castable from graveyard|Castable from nonhand|Discard outlet|Draw|Exile self|Punisher|Pure draw|Single target instant/sorcery
Rite of Flame,Cycle|Cycle csp kindle spell|Ramp|Ritual|Scales with multiple
Rite of Oblivion,Castable from graveyard|Castable from nonhand|Cycle|Cycle mid u flashback|Exile self|Removal|Removal artifact|Removal aura|Removal battle|Removal creature|Removal enchantment|Removal equipment|Removal exile|Removal nonland|Removal planeswalker|Removal spacecraft|Removal vehicle|Sacrifice outlet|Sacrifice outlet nonland|Single target instant/sorcery|Spot removal
Rites of Refusal,Counterspell|Counterspell soft|Cycle|Cycle ody rites|Discard outlet|Single target instant/sorcery
Ritual of Rejuvenation,Cantrip|Card advantage|Draw|Hand neutral|Lifegain|Pure draw
River of Tears,Cycle|Cycle dual land|Cycle fut dual land|Cycle land|Dual land|Landfall|Lands matter|Self replacement effect|Thingfall
River's Rebuke,Bounce|Removal|Removal artifact|Removal aura|Removal battle|Removal bounce|Removal creature|Removal enchantment|Removal equipment|Removal nonland|Removal planeswalker|Removal spacecraft|Removal vehicle|Single target instant/sorcery|Sweeper|Sweeper one sided
Riveteers Overlook,Cycle|Cycle land|Cycle nonmana land|Cycle snc fetchland|Fetchland|Lifegain|Manaless land|Sacrifice self|Triggered ability|Tutor|Tutor land|Tutor land basic|Tutor land basic forest|Tutor land basic mountain|Tutor land basic swamp|Tutor land to battlefield|Tutor to|Tutor to battlefield
Roadside Reliquary,Card advantage|Draw|Hand positive|Pure draw|Sacrifice self|Synergy artifact|Synergy enchantment
Roaming Throne,Rhystic|Trigger doubler|Triggered ability|Typal choose|Typal creature
Roar of Resistance,Attack trigger|Gives haste|Hate|Hate planeswalker|Multiplayer|Power boost to all|Synergy attacker|Synergy token|Synergy token creature|Triggered ability
Rodeo Pyromancers,Cast trigger|Cast trigger you|Non mana ability mana|Ramp|Triggered ability
Rodolf Duskbringer,Cycle j22 hybrid legend|Evasion|Gains indestructible|Lifegain|Lifegain matters|Offcolor ability|Reanimate|Reanimate creature|Recursion|Recursion creature|Triggered ability
Rogue's Passage,Evasion|Gives evasion|Mana sink|Repeatable crime
Roiling Vortex,Burn|Burn player|Burn player each|Cast trigger|Group slug|Hate|Hate free spell|Hate lifegain|Triggered ability
Rolling Earthquake,Burn|Burn creature|Burn player|Burn player each|Group slug|Mana sink|Removal|Removal burn|Removal creature|Sweeper|Synergy horsemanship
Romantic Rendezvous,Card advantage|Discard outlet|Draw|Hand neutral
"Rona, Herald of Invasion",Card advantage|Cast trigger|Cast trigger you|Cycle|Cycle mom corrupted dfc leg|Discard outlet|Discard to exile|Draw|Gives castable from exile|Gives castable from nonhand|Loot|Random discard|Synergy legendary|Theft|Theft cast|Theft land|Triggered ability
Rooftop Storm,Free cast another|Typal creature|Typal zombie
Rootborn Defenses,Combat trick|Copy|Copy token|Gives indestructible|Protects creature|Synergy token|Synergy token creature
Rot Hulk,Cycle|Cycle gnt mythic|Evasion|Multiplayer|Multiple targets|Reanimate|Reanimate creature|Recursion|Recursion creature|Triggered ability|Typal creature|Typal zombie
Rottenmouth Viper,Alternate cost sacrifice|Attack trigger|Counters matter|Discard|Discount self|Group slug|Multi removal|Opponent loses life|Punisher|Removal|Removal artifact|Removal aura|Removal battle|Removal creature|Removal enchantment|Removal equipment|Removal nonland|Removal planeswalker|Removal sacrifice|Removal spacecraft|Removal vehicle|Repeatable removal|Sacrifice outlet|Sacrifice outlet nonland|Spot removal|Synergy attacker self|Torment|Triggered ability
Rousing Refrain,Castable from exile|Castable from nonhand|Exile on resolution|Exile self|Hand size hate|Hand size matters|Hate|Ramp|Repeatable crime|Ritual|Single target instant/sorcery|Trigger from exile|Triggered ability|Unexile
"Rowan, Fearless Sparkmage",Burn|Burn creature|Extra untap|Gives haste|Multi removal|Multiple targets|Prevent blocker|Removal|Removal burn|Removal creature|Repeatable crime|Repeatable removal|Spot removal|Theft|Theft mass|Tutored by name|Untapper|Untapper creature
Ruby Medallion,Cost reducer|Cycle|Cycle tmp medallion|Ramp|Synergy red
Rug of Smothering,Cast trigger|Evasion|Group slug|Hate|Hate storm|Opponent loses life|Storm count matters|Triggered ability
Rugged Prairie,Cycle|Cycle dual land|Cycle eve filterland|Cycle hybrid filterland|Cycle land|Dual land|Filterland|Mana filter
Ruin Grinder,Burst draw|Card advantage|Death trigger|Death trigger self|Draw|Evasion|Leaves battlefield trigger|Triggered ability|Tutor|Tutor land|Tutor land mountain|Tutor to|Tutor to hand|Wheel
Ruination,Hate|Hate nonbasic land|Mass land denial|Removal|Removal destroy|Removal land|Sweeper
Ruinous Rampage,Burn|Burn player|Mana value matters|Removal|Removal artifact|Removal exile|Sweeper
Ruinous Ultimatum,Cycle|Cycle iko ultimatum|Removal|Removal artifact|Removal aura|Removal battle|Removal creature|Removal destroy|Removal enchantment|Removal equipment|Removal nonland|Removal planeswalker|Removal spacecraft|Removal vehicle|Sweeper|Sweeper one sided
Run Away Together,Bounce|Multi removal|Multiple targets|Removal|Removal bounce|Removal creature|Spot removal
Runaway Steam-Kin,Cast trigger|Cast trigger you|Counter fuel pp|Counters matter|Cycle|Cycle grn r monocolor care|Ramp|Synergy red|Triggered ability
Rune of Speed,Cantrip|Card advantage|Cycle|Cycle khm rune|Draw|Gives haste|Hand neutral|Pure draw|Synergy equipment|Triggered ability
Rune-Scarred Demon,Evasion|Triggered ability|Tutor|Tutor card|Tutor to|Tutor to hand
"Rune-Tail, Kitsune Ascendant",Cycle|Cycle sok flip ascendant|Damage prevention|Damage prevention creature|Life total matters self|Lifegain matters|Namesake spell|State trigger|Triggered ability
Runechanter's Pike,Cards in graveyard matter|Synergy instant|Synergy sorcery
Rush of Adrenaline,Combat trick|Gives trample|Single target instant/sorcery
Rush of Blood,Combat trick|Power doubler|Power matters|Single target instant/sorcery
Rush of Dread,Discard|Life divider|Multi removal|Multiple targets|Removal|Removal creature|Removal sacrifice|Single target instant/sorcery|Spot removal
Ruthless Lawbringer,Cycle|Cycle otj draft signpost|Draft signpost|Removal|Removal artifact|Removal aura|Removal battle|Removal creature|Removal destroy|Removal enchantment|Removal equipment|Removal nonland|Removal planeswalker|Removal spacecraft|Removal vehicle|Sacrifice outlet|Sacrifice outlet creature|Spot removal|Triggered ability
Sabotender,Burn|Burn player|Landfall|Lands matter|Pinger|Triggered ability
Sacred Foundry,Cycle|Cycle dual land|Cycle land|Cycle rav shockland|Dual land|Life payment|Nonbasic basic land type|Shockland
Sacred Peaks,Cycle|Cycle dmu dual land|Cycle dual land|Cycle land|Dual land|Nonbasic basic land type
Sage of the Beyond,Castable from exile|Castable from nonhand|Cost reducer|Evasion|Exile self|Ramp|Synergy exile cast|Synergy graveyard cast|Synergy library cast|Synergy nonhand cast|Unexile
Sakashima of a Thousand Faces,Clone|Copy|Copy creature|Copy legendary|Cycle|Cycle cmr m partner|Pair commander|Synergy legendary
Samut's Sprint,Combat trick|Gives haste|Library manipulation|Namesake spell|Peek|Peek library|Single target instant/sorcery|Top deck manipulation
Sanctify,Disenchant/naturalize|Lifegain|Removal|Removal artifact|Removal destroy|Removal enchantment|Single target instant/sorcery|Spot removal
Sanctum Seeker,Attack trigger|Drain life|Group slug|Inverted effects|Lifegain|Opponent loses life|Triggered ability|Typal creature|Typal vampire
Sandstone Needle,Counter fuel aesthetic|Counters matter|Cycle|Cycle land|Cycle mmq depletion land|Cycle mono land|Ramp
Sangromancer,Death trigger|Discard matters|Evasion|Leaves battlefield trigger|Lifegain|Opponent discard matters|Triggered ability
Sanguine Bond,Lifegain matters|Lifegain to damage|Opponent loses life|Repeatable crime|Triggered ability
Sanguine Evangelist,Attack trigger|Battle cry|Death trigger|Death trigger self|Leaves battlefield trigger|Life and death trigger self|Multiple bodies|Power boost to all|Synergy attacker|Synergy attacker self|Triggered ability
Sanguine Sacrament,Lifegain|Tuck self
Sanguine Savior,Cycle|Cycle mkm hybrid disguise|Evasion|Face up face down effects|Gives lifelink|Lifegain|Triggered ability|Turn face up trigger self
Sanguine Syphoner,Attack trigger|Drain life|Group slug|Inverted effects|Lifegain|Opponent loses life|Synergy attacker self|Triggered ability
Sardian Avenger,Attack trigger|Burn|Burn player|Death trigger|Hate|Hate artifact|Hatebear|Leaves battlefield trigger|Synergy attacker self|Triggered ability
Savai Triome,Card advantage|Cycle|Cycle cycling land|Cycle iko triome|Cycle land|Cycle triland|Draw|Hand neutral|Nonbasic basic land type|Pure draw|Tricycle land|Triland|Wedgeland
Saw in Half,Copy|Copy creature|Removal|Removal creature|Removal destroy|Single target instant/sorcery|Spot removal
Sawblade Scamp,Burn|Burn player|Cast trigger|Cast trigger you|Counter fuel aesthetic|Counter fuel oil|Counters matter|Group slug|Pinger|Synergy noncreature|Triggered ability
Sazacap's Brew,Card advantage|Combat trick|Discard outlet|Draw|Group hug|Hand neutral|Multiple targets|Namesake spell|Single target instant/sorcery
Scald,Burn|Burn player|Cycle|Cycle usg enemy backward hate|Cycle usg enemy hate|Hate|Hate island|Hate tapped|Triggered ability
Scalding Tarn,Cycle|Cycle land|Cycle nonmana land|Cycle zen fetchland|Fetchland|Life payment|Manaless land|Sacrifice self|Tutor|Tutor land|Tutor land island|Tutor land mountain|Tutor land to battlefield|Tutor to|Tutor to battlefield
Scapegoat,Bounce|Multiple targets|Rescue creature|Sacrifice outlet|Sacrifice outlet creature|Single target instant/sorcery|Sth storyline in cards
Scavenger Grounds,Hate|Hate graveyard|Sacrifice outlet|Sacrifice outlet land|Sacrifice self|Sweeper graveyard|Synergy desert
Sceptre of Eternal Glory,Mana producer|Mana rock|Ramp
Scheming Symmetry,Cycle|Cycle m20 doubles|Group hug|Library manipulation|Multiple targets|Top deck manipulation|Tutor|Tutor card|Tutor to|Tutor to top
Scion of Opulence,Card advantage|Death trigger|Gives castable from exile|Gives castable from nonhand|Impulsive draw|Leaves battlefield trigger|Ramp|Repeatable artifact tokens|Repeatable impulsive draw|Repeatable noncreature tokens|Repeatable token generator|Repeatable treasures|Sacrifice outlet|Sacrifice outlet artifact|Synergy artifact|Triggered ability|Typal creature|Typal vampire
Scorched Rusalka,Bombard self|Burn|Burn planeswalker|Burn player|Cycle|Cycle gpt rusalka|Removal|Removal burn|Removal planeswalker|Sacrifice outlet|Sacrifice outlet creature|Sacrifice self
Scorching Shot,Burn|Burn creature|Removal|Removal burn|Removal creature|Single target instant/sorcery|Spot removal
Scoured Barrens,Cycle|Cycle dual land|Cycle ktk gainland|Cycle land|Dual land|Lifegain|Triggered ability
Scrabbling Claws,Card advantage|Draw|Egg|Hand neutral|Hate|Hate graveyard|Pure draw|Repeatable crime|Sacrifice self
Scrawling Crawler,Card advantage|Draw|Draw hate|Group hug|Group slug|Hate|Opponent loses life|Pure draw|Repeatable draw|Triggered ability
Screaming Fury,Gives haste|Single target instant/sorcery
Screaming Nemesis,Burn|Burn any|Burn battle|Burn creature|Burn planeswalker|Burn player|Emblem lite|Hate|Hate lifegain|Indefinite effect|Removal|Removal burn|Removal creature|Removal planeswalker|Repeatable removal|Triggered ability
Scrounge for Eternity,Mana value matters|Ramp|Reanimate|Reanimate creature|Reanimate spacecraft|Recursion|Recursion creature|Sacrifice outlet|Sacrifice outlet artifact|Sacrifice outlet creature|Single target instant/sorcery|Synergy spacecraft|Tutor|Tutor land|Tutor land basic|Tutor land to battlefield|Tutor to|Tutor to battlefield
Scrubland,Cycle|Cycle abu dual land|Cycle dual land|Cycle land|Dual land|Nonbasic basic land type
Scytheclaw Raptor,Burn|Burn player|Cast trigger|Triggered ability
Sea Gate Restoration,Burst draw|Card advantage|Cycle|Cycle land|Cycle mono land|Cycle znr boltland|Draw|Emblem lite|Hand positive|Hand size increase|Hand size matters|Indefinite effect|Life payment|Pure draw
Sea Gate Wreckage,Card advantage|Draw|Hand size matters|Hellbent|Pure draw|Repeatable draw
Sea of Clouds,Cycle|Cycle bbd bond land|Cycle bondland|Cycle dual land|Cycle land|Dual land|Multiplayer
Seachrome Coast,Cycle|Cycle dual land|Cycle fastland|Cycle land|Cycle som fastland|Dual land
Searing Blood,Burn|Burn creature|Burn player|Death trigger|Delayed triggered ability|Leaves battlefield trigger|Removal|Removal burn|Removal creature|Single target instant/sorcery|Spot removal|Triggered ability
Seasoned Pyromancer,Card advantage|Discard outlet|Discarded type matters|Draw|Exile self|Graveyard fuel self|Hand negative|Multiple bodies|Triggered ability
Secluded Courtyard,Typal choose|Typal creature
Seething Song,Ramp|Ritual
Seismic Rupture,Burn|Burn creature|Removal|Removal burn|Removal creature|Sweeper
Seize the Spoils,Card advantage|Discard outlet|Draw|Hand neutral|Pillage effect|Ramp
Seize the Spotlight,Card advantage|Draw|Gives haste|Opponent chooses|Punisher|Pure draw|Ramp|Theft|Untapper|Untapper creature
Sejiri Shelter,Combat trick|Gives evasion|Gives protection|Hate|Hate color|Hate color choose|Protects creature|Single target instant/sorcery
Self-Destruct,Burn|Burn any|Burn battle|Burn creature|Burn planeswalker|Burn player|Fling|Multiple targets|Power matters|Removal|Removal burn|Removal creature|Removal planeswalker|Sacrifice outlet|Sacrifice outlet creature
Semblance Anvil,Cost reducer|Triggered ability
Sengir Connoisseur,Death trigger|Evasion|Leaves battlefield trigger|Triggered ability
Sengir Vampire,Cycle|Cycle w16 u|Death trigger|Evasion|Hunger|Hunger trigger|Leaves battlefield trigger|Triggered ability
Sensei's Divining Top,Card advantage|Draw|Library manipulation|Peek|Peek library|Pure draw|Repeatable draw|Top deck manipulation|Tuck self
Senseless Rage,Castable from exile|Castable from nonhand|Delayed triggered ability|Exile self|Triggered ability|Unexile
"Sephiroth, Fabled SOLDIER",Attack trigger|Blood artist ability|Card advantage|Death trigger|Drain life|Draw|Evasion|Inverted effects|Leaves battlefield trigger|Lifegain|Opponent loses life|Plunder|Repeatable draw|Sacrifice outlet|Sacrifice outlet creature|Synergy attacker self|Triggered ability
Sepulchral Primordial,Cycle|Cycle gtc primordial|Evasion|Multiple targets|Reanimate|Reanimate creature|Reanimate from opponent|Recursion|Recursion creature|Theft|Triggered ability
Serra's Blessing,Namesake spell
Serra's Emissary,Damage prevention|Damage prevention you|Evasion|Gives evasion|Gives protection|Namesake spell|Unique protection
Sevinne's Reclamation,Castable from graveyard|Castable from nonhand|Cycle|Cycle c19 signature spell|Exile self|Mana value matters|Namesake spell|Ramp|Reanimate|Reanimate permanent|Recursion|Recursion permanent|Single target instant/sorcery|Synergy graveyard cast
Shadow Alley Denizen,Creaturefall|Cycle|Cycle gtc denizen|Evasion|Gives evasion|Gives intimidate|Synergy black|Thingfall|Triggered ability
Shadowblood Ridge,Cycle|Cycle dual land|Cycle land|Cycle ody ally filterland|Cycle ody filterland|Dual land|Filterland|Mana filter
Shadowgrange Archfiend,Castable from exile|Castable from nonhand|Delayed triggered ability|Exile self|Life payment|Lifegain|Multi removal|Removal|Removal creature|Removal sacrifice|Spot removal|Triggered ability|Unexile
Shadowspear,Gives lifelink|Gives trample|Lifegain
Shadowy Backstreet,Cycle|Cycle dual land|Cycle dual surveil land|Cycle land|Dual land|Library manipulation|Mill|Mill self|Nonbasic basic land type|Peek|Peek library|Surveil|Top deck manipulation|Triggered ability
"Shanid, Sleepers' Scourge",Alt commander|Card advantage|Cast trigger|Cast trigger you|Draw|Evasion|Gives evasion|Life for cards|Life payment|Pure draw|Repeatable draw|Synergy legendary|Triggered ability
Shared Animosity,Attack trigger|Synergy attacker|Triggered ability|Typal creature|Typal share
Sharuum the Hegemon,Cost ignorer|Cycle|Cycle ala legend|Cycle c13 reprint commander|Evasion|Reanimate|Reanimate artifact|Recursion|Recursion artifact|Triggered ability
Shatter,Removal|Removal artifact|Removal destroy|Single target instant/sorcery|Spot removal
Shattered Landscape,Card advantage|Cycle|Cycle colorless land|Cycle land|Cycle mh3 landscape|Draw|Fetchland|Hand neutral|Pure draw|Sacrifice self|Tutor|Tutor land|Tutor land basic|Tutor land basic mountain|Tutor land basic plains|Tutor land basic swamp|Tutor land to battlefield|Tutor to|Tutor to battlefield
Shattered Sanctum,Cycle|Cycle dual land|Cycle land|Cycle slowland|Cycle vow slowland|Dual land|Lands matter
Shattering Spree,Cast trigger|Cast trigger self|Copy|Copy self|Multi removal|Multiple targets|Removal|Removal artifact|Removal destroy|Single target instant/sorcery|Spot removal|Triggered ability
Shatterskull Smashing,Burn|Burn creature|Burn planeswalker|Burn with set's mechanic|Cycle|Cycle land|Cycle mono land|Cycle znr boltland|Life payment|Multi removal|Multiple targets|Removal|Removal burn|Removal creature|Removal planeswalker|Single target instant/sorcery|Spot removal
Shelter,Cantrip|Card advantage|Combat trick|Draw|Gives evasion|Gives protection|Hand neutral|Hate|Hate color|Hate color choose|Protects creature|Pure draw|Single target instant/sorcery
Sheoldred's Edict,Hate|Hate token creature|Multi removal|Namesake spell|Removal|Removal creature|Removal planeswalker|Removal sacrifice|Spot removal
"Sheoldred, Whispering One",Abyss|Cycle|Cycle nph praetor|Evasion|Inverted effects|Multi removal|Reanimate|Reanimate creature|Recursion|Recursion creature|Removal|Removal creature|Removal sacrifice|Repeatable removal|Spot removal|Triggered ability
Shineshadow Snarl,Cycle|Cycle dual land|Cycle land|Cycle reveal land|Cycle stx reveal land|Dual land|Synergy plains|Synergy swamp
"Shinka, the Bloodsoaked Keep",Combat trick|Cycle|Cycle chk legendary land|Cycle land|Cycle mono land|Repeatable crime|Synergy legendary
Shiny Impetus,Attack trigger|Combat manipulation|Combat ramp|Cycle|Cycle c20 impetus|Hate|Hate attacker|Ramp|Repeatable artifact tokens|Repeatable noncreature tokens|Repeatable token generator|Repeatable treasures|Synergy attacker|Triggered ability
Shipwreck Marsh,Cycle|Cycle dual land|Cycle land|Cycle mid slowland|Cycle slowland|Dual land|Lands matter
Shire Terrace,Fetchland|Sacrifice self|Tutor|Tutor land|Tutor land basic|Tutor land to battlefield|Tutor to|Tutor to battlefield
Shivan Gorge,Burn|Burn player|Cycle|Cycle land|Cycle mono land|Cycle usg legendary land|Group slug|Pinger
"Shizo, Death's Storehouse",Cycle|Cycle chk legendary land|Cycle land|Cycle mono land|Gives evasion|Gives fear|Repeatable crime|Synergy legendary
Shock,Burn|Burn any|Burn battle|Burn creature|Burn planeswalker|Burn player|Removal|Removal burn|Removal creature|Removal planeswalker|Single target instant/sorcery
Shocking Sharpshooter,Burn|Burn player|Creaturefall|Triggered ability
"Shorikai, Genesis Engine",Alt commander|Animate|Animate self|Card advantage|Catalog|Discard outlet|Draw|Formidable|Loot|Non creature commander|Power matters|Repeatable creature tokens|Repeatable draw|Repeatable token generator|Synergy vehicle|Tap fuel creature|Tap outlet
Shower of Sparks,Burn|Burn creature|Burn planeswalker|Burn player|Multi removal|Multiple targets|Removal|Removal burn|Removal creature|Removal planeswalker|Spot removal|Usg storyline in cards
Shredded Sails,Burn|Burn creature|Card advantage|Draw|Hand neutral|Hate|Hate flying|Pure draw|Removal|Removal artifact|Removal burn|Removal creature|Removal destroy|Single target instant/sorcery|Spot removal
Shriekmaw,Evasion|Removal|Removal creature|Removal destroy|Spot removal|Triggered ability
Shuko,
"Sidisi, Undead Vizier",Cycle|Cycle dtk khan|Sacrifice outlet|Sacrifice outlet creature|Triggered ability|Tutor|Tutor card|Tutor to|Tutor to hand|Type errata naga
Siege Smash,Combat trick|Gives trample|Hate|Hate counterspell|Removal|Removal artifact|Removal destroy|Single target instant/sorcery|Spot removal
Sigarda's Summons,Counters matter|Gives evasion|Gives flying|Namesake spell
Sign in Blood,Card advantage|Draw|Hand positive|Life for cards|Life payment|Opponent loses life|Pure draw|Single target instant/sorcery
Silence,Prevent cast|Silence
Silent Arbiter,Combat manipulation|Type addition from none
Silent Clearing,Card advantage|Cycle|Cycle dual land|Cycle horizon land|Cycle land|Draw|Dual land|Hand neutral|Life payment|Pure draw|Sacrifice self
Silver Shroud Costume,Auto equip|Gives evasion|Gives shroud|Protects creature|Triggered ability
Simian Sling,Burn|Burn player|Hate|Hate blocker|Triggered ability
Simian Spirit Guide,Exile self|Manaless value|Ramp
Sinister Monolith,Card advantage|Drain life|Draw|Egg|Group slug|Hand positive|Inverted effects|Life for cards|Life payment|Lifegain|Opponent loses life|Pure draw|Sacrifice self|Triggered ability
Sinister Waltz,Library manipulation|Multiple targets|Reanimate|Reanimate creature|Recursion|Recursion creature|Restock creature|Restock to bottom
Sink into Stupor,Bounce|Counterspell|Counterspell bounce|Cycle|Cycle land|Cycle mh3 mdfc mono land|Cycle mono land|Life payment|Removal|Removal artifact|Removal aura|Removal battle|Removal bounce|Removal creature|Removal enchantment|Removal equipment|Removal nonland|Removal planeswalker|Removal spacecraft|Removal vehicle|Single target instant/sorcery|Spot removal
Sinkhole,Removal|Removal destroy|Removal land|Single target instant/sorcery|Spot removal
Siphon Insight,Castable from graveyard|Castable from nonhand|Cycle|Cycle mid r flashback|Exile self|Gives castable from exile|Gives castable from nonhand|Mill|Mill exile|Mill opponent|Single target instant/sorcery|Theft|Theft cast
Sire of Stagnation,Card advantage|Cda color|Characteristic defining ability|Draw|Landfall|Landfall other|Lands matter|Mill|Mill exile|Mill opponent|Pure draw|Repeatable draw|Thingfall|Triggered ability
Sister Hospitaller,Reanimate|Reanimate creature|Recursion|Recursion creature|Triggered ability
Sisters of the Flame,Mana dork|Mana producer|Ramp
Sizzle,Burn|Burn player|Group slug
Skeletal Vampire,Evasion|Free sacrifice outlet|Mana sink|Multiple bodies|Regenerates self|Repeatable creature tokens|Repeatable token generator|Sacrifice outlet|Sacrifice outlet creature|Triggered ability|Typal bat|Typal creature
Skewer the Critics,Burn|Burn any|Burn battle|Burn creature|Burn planeswalker|Burn player|Burn with set's mechanic|Life loss matters|Removal|Removal burn|Removal creature|Removal planeswalker|Single target instant/sorcery
Skirge Familiar,Discard outlet|Evasion|Mana dork|Mana producer|Ramp
Skirk Prospector,Free sacrifice outlet|Mana dork egg|Mana producer|Ramp|Sacrifice outlet|Sacrifice outlet creature|Sacrifice self|Typal creature|Typal goblin
Skullclamp,Card advantage|Death trigger|Draw|Hand positive|Leaves battlefield trigger|Pure draw|Repeatable draw|Triggered ability
Skullcrack,Burn|Burn planeswalker|Burn player|Hate|Hate lifegain|Removal|Removal burn|Removal planeswalker|Single target instant/sorcery|Unpreventable damage
Skycloud Expanse,Cycle|Cycle dual land|Cycle land|Cycle ody ally filterland|Cycle ody filterland|Dual land|Filterland|Mana filter
Skymarcher Aspirant,Evasion
Slagstorm,Burn|Burn creature|Burn player|Burn player each|Group slug|Removal|Removal burn|Removal creature|Sweeper
Slate of Ancestry,Burst draw|Card advantage|Creature count matters|Discard outlet|Draw|Wheel|Wheel one sided
Slayers' Stronghold,Cycle|Cycle colorless land|Cycle isd enemy utilityland|Cycle land|Gives haste|Repeatable crime
"Slicer, Hired Muscle",Defector|Delayed triggered ability|Mix and match|Multiplayer|Prevent sacrifice|Triggered ability
Smash to Smithereens,Burn|Burn player|Removal|Removal artifact|Removal destroy|Single target instant/sorcery|Spot removal
Smile at Death,Multiple targets|Power matters|Reanimate|Reanimate creature|Recursion|Recursion creature|Triggered ability
Smite the Deathless,Burn|Burn creature|Removal|Removal burn|Removal creature|Single target instant/sorcery|Spot removal
Smoke,
Smoldering Crater,Card advantage|Cycle|Cycle cycling land|Cycle land|Cycle mono land|Cycle usg 2 cycling land|Draw|Hand neutral|Pure draw
Smoldering Marsh,Cares about basic land|Cycle|Cycle bfz tangoland|Cycle dual land|Cycle land|Cycle tangoland|Dual land|Lands matter|Nonbasic basic land type
Smothering Tithe,Draw hate|Hate|Ramp|Repeatable artifact tokens|Repeatable noncreature tokens|Repeatable token generator|Repeatable treasures|Rhystic|Triggered ability
Snap,Bounce|Removal|Removal bounce|Removal creature|Single target instant/sorcery|Spot removal|Untapper|Untapper land
Snort,Burn|Burn player|Burst draw|Card advantage|Castable from graveyard|Castable from nonhand|Draw|Exile self|Miniwheel|Wheel|Wheel symmetrical
Snow-Covered Mountain,Cycle|Cycle basic snow land|Cycle land|Cycle mono land
Snowfield Sinkhole,Cycle|Cycle dual land|Cycle khm snow tapland|Cycle land|Dual land|Nonbasic basic land type
"Sokenzan, Crucible of Defiance",Cycle|Cycle land|Cycle mono land|Cycle neo legendary land|Multiple bodies|Synergy legendary
Sol Ring,Mana producer|Mana rock|Ramp
Solemn Simulacrum,Card advantage|Draw|Invitational card|Pure draw|Ramp|Tutor|Tutor land|Tutor land basic|Tutor land to battlefield|Tutor to|Tutor to battlefield|Type addition from none
"Solphim, Mayhem Dominus",Cycle|Cycle one dominus|Damage multiplier|Discard outlet|Gains indestructible|Indestructible counter|Keyword counter|Synergy burn
Song-Mad Treachery,Gives haste|Single target instant/sorcery|Theft|Untapper|Untapper creature
Songs of the Damned,Cards in graveyard matter|Interrupt|Ramp|Ritual|Undergrowth
Sorceress's Schemes,Card advantage|Castable from graveyard|Castable from nonhand|Exile self|Hand neutral|Hand positive|Recursion|Recursion from exile|Recursion instant|Recursion sorcery|Regrowth instant|Regrowth sorcery|Single target instant/sorcery|Synergy flashback|Unexile
Sorin Markov,Burn|Burn any|Burn battle|Burn creature|Burn planeswalker|Burn player|Cycle|Cycle block zen monocolor pw|Cycle m12 planeswalker|Drain creature|Drain life|Eponymous planeswalker|Inverted effects|Lifegain|Removal|Removal burn|Removal creature|Removal planeswalker|Repeatable crime|Repeatable removal|Turn control
Sorin of House Markov,Burn|Burn any|Burn battle|Burn creature|Burn planeswalker|Burn player|Cast trigger|Cast trigger you|Cycle|Cycle mh3 flip walker|Drain life|Exile self|Exile self dfc transform|Gives lifelink|Inverted effects|Keyword counter|Lifegain|Lifegain matters|Lifelink counter|Passive ability|Removal|Removal burn|Removal creature|Removal planeswalker|Repeatable artifact tokens|Repeatable food|Repeatable noncreature tokens|Repeatable removal|Repeatable token generator|Synergy white|Theft|Theft creature|Triggered ability
Sorin the Mirthless,Burn|Burn any|Burn battle|Burn creature|Burn planeswalker|Burn player|Card advantage|Drain life|Inverted effects|Life for cards|Life payment|Lifegain|Removal|Removal burn|Removal creature|Removal planeswalker|Repeatable creature tokens|Repeatable removal|Repeatable token generator|Wannabe dark confidant
"Sorin, Imperious Bloodlord",Burn|Burn any|Burn battle|Burn creature|Burn planeswalker|Burn player|Cost ignorer|Cycle|Cycle m20 planeswalker|Drain creature|Drain life|Gives lifelink|Inverted effects|Lifegain|Removal|Removal burn|Removal creature|Removal planeswalker|Repeatable crime|Repeatable removal|Sacrifice outlet|Sacrifice outlet creature|Sneak creature|Triggered ability|Typal creature|Typal vampire
"Sorin, Lord of Innistrad",Lifegain|Multi removal|Multiple targets|Power boost to all|Removal|Removal creature|Removal destroy|Removal planeswalker|Repeatable creature tokens|Repeatable removal|Repeatable token generator|Spot removal|Theft|Theft creature|Theft planeswalker
"Sorin, Solemn Visitor",Abyss|Evasion|Gives lifelink|Lifegain|Multi removal|Power boost to all|Removal|Removal creature|Removal sacrifice|Repeatable creature tokens|Repeatable removal|Repeatable token generator|Spot removal|Triggered ability
"Sorin, Vengeful Bloodlord",Burn|Burn planeswalker|Burn player|Cycle|Cycle war r two color|Gives lifelink|Gives lifelink noncreature|Indefinite effect|Lifegain|Passive ability|Reanimate|Reanimate creature|Recursion|Recursion creature|Removal|Removal burn|Removal planeswalker|Repeatable crime|Repeatable removal|Synergy planeswalker
"Sothera, the Supervoid",Death trigger|Grave pact|Leaves battlefield trigger|Multi removal|Opponent chooses|Removal|Removal creature|Removal exile|Repeatable removal|Sacrifice self|Spot removal|Theft|Theft creature|Triggered ability
Soul Collector,Breaks ktk morph rule|Evasion|Hunger reanimation|Hunger trigger|Reanimate|Reanimate from any|Reanimate from opponent|Recursion|Theft|Triggered ability
Soul Shatter,Mana value matters|Multi removal|Removal|Removal creature|Removal planeswalker|Removal sacrifice|Spot removal
Soul-Scar Mage,Cast trigger|Cast trigger you|Synergy burn|Synergy noncreature|Triggered ability
Soulstone Sanctuary,Animate|Animate self|Becomes changeling|Gains vigilance|Indefinite effect
Spark Jolt,Burn|Burn any|Burn battle|Burn creature|Burn planeswalker|Burn player|Burn with set's mechanic|Library manipulation|Peek|Peek library|Removal|Removal burn|Removal creature|Removal planeswalker|Single target instant/sorcery|Top deck manipulation
Spark Spray,Burn|Burn any|Burn battle|Burn creature|Burn planeswalker|Burn player|Card advantage|Draw|Hand neutral|Pure draw|Removal|Removal burn|Removal creature|Removal planeswalker|Single target instant/sorcery
Spear Spewer,Burn|Burn player|Burn player each|Group slug|Pinger
Species Specialist,Card advantage|Death trigger|Draw|Leaves battlefield trigger|Pure draw|Triggered ability|Typal choose|Typal creature
Spectacular Spider-Man,Evasion|Gives hexproof|Gives indestructible|Jump|Protects creature|Sacrifice self
Spectator Seating,Cycle|Cycle bondland|Cycle cmr bond land|Cycle dual land|Cycle land|Dual land|Multiplayer
Spellshock,Burn|Burn player|Cast trigger|Group slug|Triggered ability
Spellskite,Change target|Repeatable crime
Spider-Punk,Gains haste|Gives haste|Gives uncounterable|Hate|Hate counterspell|Typal creature|Typal spider|Unpreventable damage
Spiked Corridor // Torture Pit,Burn|Burn any|Burn battle|Burn creature|Burn planeswalker|Burn player|Damage increaser|Death trigger|Leaves battlefield trigger|Multiple bodies|Removal|Removal burn|Removal creature|Removal planeswalker|Synergy burn|Triggered ability
Spikefield Hazard,Burn|Burn any|Burn battle|Burn creature|Burn planeswalker|Burn player|Removal|Removal burn|Removal creature|Removal planeswalker|Single target instant/sorcery
Spinerock Knoll,Cycle|Cycle land|Cycle lrw hideaway land|Cycle mono land|Free cast another|Gives castable from exile|Gives castable from nonhand|Triggered ability
Spiteful Banditry,Burn|Burn creature|Death trigger|Leaves battlefield trigger|Ramp|Removal|Removal burn|Removal creature|Repeatable artifact tokens|Repeatable noncreature tokens|Repeatable token generator|Repeatable treasures|Sweeper|Triggered ability
Spiteful Motives,Combat trick
Spiteful Prankster,Burn|Burn planeswalker|Burn player|Death trigger|Leaves battlefield trigger|Removal|Removal burn|Removal planeswalker|Repeatable removal|Triggered ability
Spiteful Repossession,Burn|Burn player|Catch up|Group slug|Ramp
Spitfire Lagac,Burn|Burn player|Group slug|Landfall|Lands matter|Triggered ability
Split Up,Hate|Hate tapped|Hate untapped|Modal inverse choices|Removal|Removal creature|Removal destroy|Sweeper|Synergy tapped
Springleaf Drum,Mana producer|Mana rock|Ramp|Tap fuel creature|Tap outlet
Stadium Headliner,Attack trigger|Bombard self|Burn|Burn creature|Creature count matters|Delayed triggered ability|Removal|Removal burn|Removal creature|Repeatable creature tokens|Repeatable token generator|Sacrifice self|Spot removal|Synergy attacker self|Triggered ability
Staggershock,Burn|Burn any|Burn battle|Burn creature|Burn planeswalker|Burn player|Burn with set's mechanic|Castable from exile|Castable from nonhand|Delayed triggered ability|Exile self|Removal|Removal burn|Removal creature|Removal planeswalker|Single target instant/sorcery|Triggered ability|Unexile
Star Athlete,Attack trigger|Burn|Burn player|Delayed triggered ability|Evasion|Gains haste|Punisher|Removal|Removal artifact|Removal aura|Removal battle|Removal creature|Removal enchantment|Removal equipment|Removal nonland|Removal planeswalker|Removal sacrifice|Removal spacecraft|Removal vehicle|Repeatable removal|Spot removal|Synergy attacker self|Triggered ability
Starfield Vocalist,Castable from exile|Castable from nonhand|Delayed triggered ability|Exile self|Trigger doubler|Triggered ability|Unexile
Starscape Cleric,Copy|Copy self|Creates token of a card|Evasion|Group slug|Lifegain matters|Lifegain to damage|Multiple bodies|Opponent loses life|Triggered ability
Starseer Mentor,Cycle|Cycle blb draft signpost|Discard|Draft signpost|Evasion|Life loss matters|Lifegain matters|Opponent loses life|Punisher|Removal|Removal artifact|Removal aura|Removal battle|Removal creature|Removal enchantment|Removal equipment|Removal nonland|Removal planeswalker|Removal sacrifice|Removal spacecraft|Removal vehicle|Repeatable crime|Repeatable removal|Spot removal|Torment|Triggered ability
Starstorm,Burn|Burn creature|Card advantage|Draw|Hand neutral|Pure draw|Removal|Removal burn|Removal creature|Sweeper
Starting Town,Life payment|Turns taken matter
Starwinder,Burst draw|Card advantage|Castable from exile|Castable from nonhand|Curiosity|Curiosity like|Delayed triggered ability|Draw|Drawlink|Exile self|Gives drawlink|Pure draw|Repeatable draw|Triggered ability|Unexile
Static Prison,Banish|O ring with set mechanic|Removal|Removal artifact|Removal aura|Removal battle|Removal creature|Removal enchantment|Removal equipment|Removal exile|Removal nonland|Removal planeswalker|Removal spacecraft|Removal vehicle|Spot removal|Triggered ability
Steam Blast,Burn|Burn creature|Burn player|Burn player each|Group slug|Removal|Removal burn|Removal creature|Sweeper
Stensia Banquet,Burn|Burn planeswalker|Burn player|Burn with set's mechanic|Cantrip|Card advantage|Draw|Hand neutral|Pure draw|Removal|Removal burn|Removal planeswalker|Single target instant/sorcery|Typal creature|Typal vampire
Stensia Masquerade,Castable from exile|Castable from nonhand|Delayed triggered ability|Exile self|Slith ability|Synergy attacker|Triggered ability|Typal creature|Typal vampire|Unexile
Stern Constable,Discard outlet|Repeatable crime|Tapper|Tapper creature
Sticky Fingers,Card advantage|Combat ramp|Death trigger|Draw|Gives evasion|Leaves battlefield trigger|Pure draw|Ramp|Repeatable artifact tokens|Repeatable noncreature tokens|Repeatable token generator|Repeatable treasures|Triggered ability
Stinging Study,Burst draw|Card advantage|Draw|Life for cards|Life payment|Mana value matters|Pure draw|Synergy commander
Stitch Together,Card advantage|Cards in graveyard matter|Hand neutral|Reanimate|Reanimate creature|Recursion|Recursion creature|Regrowth creature|Single target instant/sorcery
Stone Quarry,Cycle|Cycle dual land|Cycle dual tapland|Cycle land|Cycle soi tapland|Dual land
Stone of Erech,Card advantage|Draw|Egg|Hand neutral|Hate|Hate graveyard|Pure draw|Sacrifice self|Sweeper graveyard
Storm-Kiln Artist,Cast trigger|Cast trigger you|Cycle|Cycle stx u mono magecraft|Magecraft|Ramp|Repeatable artifact tokens|Repeatable noncreature tokens|Repeatable token generator|Repeatable treasures|Synergy artifact|Synergy copy|Synergy instant|Synergy sorcery|Triggered ability
Stormshriek Feral,Card advantage|Cycle|Cycle tdm c omen|Discard outlet|Draw|Evasion|Hand neutral|Mana sink|Tuck self
Stormtide Leviathan,Evasion|Mana fix|Prevent attack|Synergy flying|Synergy islandwalk
Stranglehold,Hate|Hate tutor|Prevent extra turns
Streaking Oilgorger,Evasion|Gains lifelink|Life loss matters|Lifegain|Triggered ability
"Strefan, Maurer Progenitor",Attack trigger|Card advantage|Cost ignorer|Discard outlet|Draw|Evasion|Face commander|Gives indestructible|Life loss matters|Repeatable artifact tokens|Repeatable blood|Repeatable noncreature tokens|Repeatable token generator|Sneak creature|Synergy attacker self|Synergy blood|Triggered ability|Typal creature|Typal vampire
Strike It Rich,Castable from graveyard|Castable from nonhand|Exile self|Ramp
Strionic Resonator,Copy|Copy ability
Strip Mine,Removal|Removal destroy|Removal land|Sacrifice self|Spot removal
Striped Riverwinder,Card advantage|Draw|French vanilla|Hand neutral|Pure draw
Strix Serenade,Counterspell|Counterspell artifact|Counterspell creature|Counterspell planeswalker|Single target instant/sorcery
Stroke of Midnight,Removal|Removal artifact|Removal aura|Removal battle|Removal creature|Removal destroy|Removal enchantment|Removal equipment|Removal nonland|Removal planeswalker|Removal spacecraft|Removal vehicle|Single target instant/sorcery|Spot removal
Stromkirk Bloodthief,Life loss matters|Triggered ability|Typal creature|Typal vampire
Stromkirk Captain,Anthem|Cycle|Cycle dka draft signpost|Cycle dka monster lord|Draft signpost|Power boost to all|Typal creature|Typal vampire
Stromkirk Condemned,Discard outlet|Power boost to all|Typal creature|Typal vampire
Stromkirk Noble,Evasion|Hate|Hate set mechanic|Hate typal|Hate typal human|Slith ability|Triggered ability|Type addition noble
Stromkirk Occultist,Card advantage|Castable from exile|Castable from nonhand|Curiosity like|Delayed triggered ability|Exile self|Gives castable from exile|Gives castable from nonhand|Impulsive curiosity|Impulsive draw|Repeatable impulsive draw|Triggered ability|Unexile
Stubborn Denial,Counterspell|Counterspell noncreature|Counterspell soft|Counterspell with set mechanic|Power matters|Self replacement effect|Single target instant/sorcery
Stuffy Doll,Burn|Burn player|Pinger|Triggered ability
Sudden Breakthrough,Combat trick|Ramp|Single target instant/sorcery
Sudden Shock,Burn|Burn any|Burn battle|Burn creature|Burn planeswalker|Burn player|Burn with set's mechanic|Cycle|Cycle tsp u split second|Hate|Hate counterspell|Removal|Removal burn|Removal creature|Removal planeswalker|Single target instant/sorcery
Sudden Spoiling,Cycle|Cycle tsp r split second|Hate|Hate counterspell|Humble|Single target instant/sorcery
Sulfuric Vortex,Burn|Burn player|Group slug|Hate|Hate lifegain|Triggered ability
Sulfurous Blast,Burn|Burn creature|Burn player|Burn player each|Cycle|Cycle tsp addendum|Group slug|Removal|Removal burn|Removal creature|Self replacement effect|Sweeper
Sulfurous Mire,Cycle|Cycle dual land|Cycle khm snow tapland|Cycle land|Dual land|Nonbasic basic land type
Sulfurous Springs,Cycle|Cycle dual land|Cycle ice painland|Cycle land|Cycle painland|Dual land|Life payment|Mana ability with extra effect
Summon: Bahamut,Burn|Burn player|Card advantage|Draw|Evasion|Mana value matters|Pure draw|Removal|Removal artifact|Removal aura|Removal battle|Removal creature|Removal destroy|Removal enchantment|Removal equipment|Removal nonland|Removal planeswalker|Removal spacecraft|Removal vehicle|Repeatable crime|Repeatable removal|Spot removal|Triggered ability
Summon: G.F. Cerberus,Cast trigger|Cast trigger you|Copy|Copy instant|Copy sorcery|Delayed triggered ability|Library manipulation|Mill|Mill self|Peek|Peek library|Surveil|Synergy instant|Synergy sorcery|Top deck manipulation|Triggered ability
Summon: G.F. Ifrit,Card advantage|Discard outlet|Draw|Hand neutral|Mana producer|Non mana ability mana|Ramp|Triggered ability
Summon: Knights of Round,Class type only|Gives indestructible|Indestructible counter|Keyword counter|Multiple bodies|Power boost to all|Protects creature|Repeatable creature tokens|Repeatable token generator|Triggered ability
Sun Titan,Attack trigger|Cycle|Cycle m11 titan|Mana value matters|Ramp|Reanimate|Reanimate permanent|Recursion|Recursion permanent|Synergy attacker self|Triggered ability
Sunbaked Canyon,Card advantage|Cycle|Cycle dual land|Cycle horizon land|Cycle land|Draw|Dual land|Hand neutral|Life payment|Pure draw|Sacrifice self
Sunbillow Verge,Cycle|Cycle dft verge|Cycle dual land|Cycle land|Cycle verge|Dual land|Synergy mountain|Synergy plains
Sunbird's Invocation,Cast trigger|Cast trigger you|Free cast another|Gives castable from library|Gives castable from nonhand|Impulse cast|Mana value matters|Triggered ability
Sundering Eruption,Cycle|Cycle land|Cycle mh3 mdfc mono land|Cycle mono land|Life payment|Prevent blocker|Prevent blocker mass|Removal|Removal destroy|Removal land|Single target instant/sorcery|Spot removal|Tutor|Tutor land|Tutor land basic|Tutor land to battlefield|Tutor to|Tutor to battlefield
Sundown Pass,Cycle|Cycle dual land|Cycle land|Cycle slowland|Cycle vow slowland|Dual land|Lands matter
"Sunhome, Fortress of the Legion",Cycle|Cycle rav guildhall|Mana sink|Repeatable crime
Sunken Hollow,Cares about basic land|Cycle|Cycle bfz tangoland|Cycle dual land|Cycle land|Cycle tangoland|Dual land|Lands matter|Nonbasic basic land type
Sunken Ruins,Cycle|Cycle dual land|Cycle hybrid filterland|Cycle land|Cycle shm filterland|Dual land|Filterland|Mana filter
Sunlit Marsh,Cycle|Cycle dmu dual land|Cycle dual land|Cycle land|Dual land|Nonbasic basic land type
Sunscorched Desert,Burn|Burn planeswalker|Burn player|Removal|Removal burn|Removal planeswalker|Triggered ability
Sunscorched Divide,Cycle|Cycle dual land|Cycle land|Cycle ody filterland|Cycle pip enemy filterland|Dual land|Filterland|Mana filter
Sunset Strikemaster,Burn|Burn creature|Hate|Hate flying|Mana dork|Mana producer|Ramp|Removal|Removal burn|Removal creature|Sacrifice self|Spot removal
Sunshot Militia,Burn|Burn player|Group slug|Synergy artifact|Tap fuel artifact|Tap fuel creature|Tap outlet
Sunspine Lynx,Burn|Burn player|Burn player each|Group slug|Hate|Hate lifegain|Hate nonbasic land|Triggered ability|Unpreventable damage
Superior Spider-Man,Clone|Copy|Copy creature|Cycle|Cycle spm r two color|Delayed triggered ability|Graveyard fuel|Graveyard fuel creature|Triggered ability
Suplex,Burn|Burn creature|Removal|Removal artifact|Removal burn|Removal creature|Removal exile|Single target instant/sorcery|Spot removal
Supreme Verdict,Cycle|Cycle ima r two color|Cycle rtr uncounterable spell|Hate|Hate counterspell|Removal|Removal creature|Removal destroy|Sweeper
Sure Strike,Combat trick|Single target instant/sorcery
Surveyor's Scope,Catch up|Exile self|Ramp|Tutor|Tutor land|Tutor land basic|Tutor land to battlefield|Tutor to|Tutor to battlefield
Susurian Voidborn,Blood artist ability|Castable from exile|Castable from nonhand|Death trigger|Death trigger self|Delayed triggered ability|Drain life|Exile self|Inverted effects|Leaves battlefield trigger|Lifegain|Opponent loses life|Repeatable crime|Synergy artifact|Triggered ability|Unexile
Swamp,Cycle|Cycle land|Cycle lea basic land|Cycle mono land
Swan Song,Counterspell|Counterspell enchantment|Counterspell instant|Counterspell sorcery|Single target instant/sorcery
Swiftfoot Boots,Gives haste|Gives hexproof|Protects creature
Sword of Feast and Famine,Combat ramp|Cycle|Cycle sword enemy color|Discard|Evasion|Extra untap|Gives evasion|Gives protection|Hate|Hate black|Hate color|Hate green|Ramp|Triggered ability|Untapper|Untapper land
Sword of Fire and Ice,Burn|Burn any|Burn battle|Burn creature|Burn planeswalker|Burn player|Card advantage|Curiosity|Curiosity like|Cycle|Cycle sword enemy color|Draw|Evasion|Gives evasion|Gives protection|Hate|Hate blue|Hate color|Hate red|Pure draw|Removal|Removal burn|Removal creature|Removal planeswalker|Repeatable crime|Repeatable draw|Repeatable removal|Triggered ability
Sword of Forge and Frontier,Card advantage|Combat ramp|Curiosity like|Cycle|Cycle sword ally color|Extra land|Gives castable from exile|Gives castable from nonhand|Gives evasion|Gives protection|Hate|Hate color|Hate green|Hate red|Impulsive curiosity|Impulsive draw|Play additional land|Ramp|Repeatable impulsive draw|Triggered ability
Sword of Light and Shadow,Card advantage|Curiosity like|Cycle|Cycle sword enemy color|Evasion|Gives evasion|Gives protection|Hate|Hate black|Hate color|Hate white|Lifegain|Recursion|Recursion creature|Regrowth creature|Triggered ability
Sword of Once and Future,Cycle|Cycle sword ally color|Evasion|Free cast another|Gives castable from graveyard|Gives castable from nonhand|Gives evasion|Gives protection|Hate|Hate black|Hate blue|Hate color|Library manipulation|Mill|Mill self|Peek|Peek library|Recursion|Surveil|Synergy instant|Synergy sorcery|Top deck manipulation|Triggered ability
Sword of Truth and Justice,Cycle|Cycle sword ally color|Gives evasion|Gives protection|Hate|Hate blue|Hate color|Hate white|Triggered ability
Sword of Wealth and Power,Combat ramp|Copy|Copy instant|Copy sorcery|Delayed triggered ability|Gives evasion|Gives protection|Hate|Hate instant|Hate sorcery|Protects creature|Ramp|Repeatable artifact tokens|Repeatable noncreature tokens|Repeatable token generator|Repeatable treasures|Triggered ability|Unique protection
Sword of the Animist,Attack trigger|Combat ramp|Namesake spell|Ramp|Synergy attacker|Triggered ability|Tutor|Tutor land|Tutor land basic|Tutor land to battlefield|Tutor to|Tutor to battlefield
Swords to Plowshares,Bible reference|Lifegain|Opponent lifegain|Removal|Removal creature|Removal exile|Single target instant/sorcery|Spot removal
"Syr Konrad, the Grim",Burn|Burn player|Cycle|Cycle eld syr legend|Death trigger|Discard matters|Group slug|Leaves battlefield trigger|Leaves graveyard trigger|Mana sink|Mill|Mill each|Mill opponent|Mill self|Opponent discard matters|Reanimate matters|Synergy mill|Triggered ability
"Syr Vondam, Sunstar Exemplar",Cycle|Cycle eoe legend after|Cycle eoe r two color|Death trigger|Death trigger self|Evasion|Leaves battlefield trigger|Lifegain|Power matters|Power matters self|Removal|Removal artifact|Removal aura|Removal battle|Removal creature|Removal destroy|Removal enchantment|Removal equipment|Removal nonland|Removal planeswalker|Removal spacecraft|Removal vehicle|Spot removal|Synergy exile|Triggered ability
Tainted Field,Cycle|Cycle dual land|Cycle land|Cycle tor tainted land|Dual land|Synergy swamp
Tainted Indulgence,Card advantage|Cards in graveyard matter|Catalog|Cycle|Cycle snc draft signpost|Cycle snc u signpost nonc|Discard outlet|Draft signpost|Draw|Hand neutral|Hand positive|Loot|Pure draw
Tainted Pact,Card advantage|Hand neutral|Stronger in singleton formats
Tainted Peak,Cycle|Cycle dual land|Cycle land|Cycle tor tainted land|Dual land|Synergy swamp
"Takenuma, Abandoned Mire",Card advantage|Cycle|Cycle land|Cycle mono land|Cycle neo legendary land|Mill|Mill self|Recursion|Recursion creature|Recursion planeswalker|Regrowth creature|Regrowth planeswalker|Synergy legendary
Talisman of Conviction,Cycle|Cycle mh1 talisman|Cycle talisman|Mana ability with extra effect|Mana producer|Mana rock|Ramp
Talisman of Dominance,Cycle|Cycle mrd talisman|Cycle talisman|Mana ability with extra effect|Mana producer|Mana rock|Ramp
Talisman of Hierarchy,Cycle|Cycle mh1 talisman|Cycle talisman|Mana ability with extra effect|Mana producer|Mana rock|Ramp
Talisman of Indulgence,Cycle|Cycle mrd talisman|Cycle talisman|Mana ability with extra effect|Mana producer|Mana rock|Ramp
Talisman of Progress,Cycle|Cycle mrd talisman|Cycle talisman|Mana ability with extra effect|Mana producer|Mana rock|Ramp
Talon Gates of Madara,Cost ignorer|Mana filter|Phasing|Protects creature|Ramp|Sneak self|Triggered ability
Talon of Pain,Burn|Burn any|Burn battle|Burn creature|Burn planeswalker|Burn player|Counter fuel charge|Counters matter|Removal|Removal burn|Removal creature|Removal planeswalker|Repeatable crime|Repeatable removal|Synergy burn|Triggered ability
Tangle Wire,Counters matter|Hate|Hate artifact|Tapper|Tapper artifact|Tapper creature|Tapper land|Triggered ability
Tarfire,Burn|Burn any|Burn battle|Burn creature|Burn planeswalker|Burn player|Burn with set's mechanic|Removal|Removal burn|Removal creature|Removal planeswalker|Single target instant/sorcery
Tarrian's Soulcleaver,Death trigger|Hate|Hate artifact|Leaves battlefield trigger|Morbid|Namesake spell|Synergy artifact|Triggered ability
Taste for Mayhem,Hand size matters|Hellbent
Taunt from the Rampart,Combat manipulation|Prevent blocker|Prevent mass blockers|Pseudo fog
Taurean Mauler,Cast trigger|Cast trigger other|Cda subtype|Changeling|Characteristic defining ability|Cycle|Cycle lrw r changeling|Mana gorger|Triggered ability|Typal creature
Tavern Brawler,Card advantage|Cycle|Cycle clb c background|Gives castable from exile|Gives castable from nonhand|Impulsive draw|Mana value matters|Pair commander|Repeatable impulsive draw|Synergy commander|Triggered ability
Tectonic Giant,Attack trigger|Burn|Burn player|Card advantage|Gives castable from exile|Gives castable from nonhand|Group slug|Hate|Hate target|Impulsive draw|Repeatable impulsive draw|Synergy attacker self|Triggered ability
Tectonic Hazard,Burn|Burn creature|Burn player|Group slug|Removal|Removal burn|Removal creature|Sweeper|Sweeper one sided
Teetering Peaks,Cycle|Cycle land|Cycle mono land|Cycle zen utilityland|Triggered ability
Teferi's Ageless Insight,Card advantage|Cycle|Cycle m21 teferi vertical|Draw|Draw matters|Namesake spell|Pure draw|Repeatable draw
Teferi's Protection,Damage prevention|Damage prevention you|Exile on resolution|Exile self|Fog|Fog selective|Gives evasion|Gives protection|Namesake spell|Phasing|Protects creature
Teferi's Puzzle Box,Card advantage|Draw|Namesake spell|Triggered ability|Wheel
"Teferi, Time Raveler",Bounce|Card advantage|Cycle|Cycle war r two color|Draw|Gives flash|Hate|Hate counterspell|Hate instant|Passive ability|Pure draw|Removal|Removal artifact|Removal bounce|Removal creature|Removal enchantment|Repeatable crime|Repeatable draw|Repeatable removal|Spot removal|Synergy sorcery
Temple of Deceit,Cycle|Cycle block ths scry land|Cycle bng scry land|Cycle dual land|Cycle land|Dual land|Library manipulation|Peek|Peek library|Top deck manipulation|Triggered ability
Temple of Malice,Cycle|Cycle block ths scry land|Cycle bng scry land|Cycle dual land|Cycle land|Dual land|Library manipulation|Peek|Peek library|Top deck manipulation|Triggered ability
Temple of Silence,Cycle|Cycle block ths scry land|Cycle dual land|Cycle jou scry land|Cycle land|Dual land|Library manipulation|Peek|Peek library|Top deck manipulation|Triggered ability
Temple of Triumph,Cycle|Cycle block ths scry land|Cycle dual land|Cycle jou scry land|Cycle land|Dual land|Library manipulation|Peek|Peek library|Top deck manipulation|Triggered ability
Temple of the False God,Lands matter|Ramp
Temporal Extortion,Cast trigger|Cast trigger self|Cycle|Cycle plc extortion vertical|Extra turn|Life divider|Opponent loses life|Punisher|Triggered ability
"Tenza, Godo's Maul",Gives trample|Namesake spell|Synergy legendary|Synergy red
Terminate,Cycle|Cycle 2x2 draft signpost|Cycle mm3 draft signpost|Cycle pls c two color|Draft signpost|Removal|Removal creature|Removal destroy|Single target instant/sorcery|Spot removal
Terrain Generator,Cares about basic land|Cost ignorer|Extra land|Ramp|Sneak land
Terramorphic Expanse,Fetchland|Manaless land|Sacrifice self|Tutor|Tutor land|Tutor land basic|Tutor land to battlefield|Tutor to|Tutor to battlefield
Teysa Karlov,Cycle|Cycle block grn guild champion|Cycle cmm r two color legend|Cycle rna guild champion|Death trigger|Gives lifelink|Leaves battlefield trigger|Lifegain|Synergy token|Synergy token creature|Trigger doubler|Triggered ability
"Teysa, Orzhov Scion",Cycle|Cycle block rav colors matter|Cycle block rav guild champion|Cycle rvr r two color legend|Death trigger|Evasion|Free sacrifice outlet|Leaves battlefield trigger|Removal|Removal creature|Removal exile|Repeatable creature tokens|Repeatable crime|Repeatable removal|Repeatable token generator|Sacrifice outlet|Sacrifice outlet creature|Spot removal|Synergy black|Synergy white|Triggered ability
"Tezzeret, Cruel Captain",Animate|Animate artifact|Artifactfall|Mana value matters|Passive ability|Synergy artifact|Synergy artifact creature|Triggered ability|Tutor|Tutor artifact|Tutor to|Tutor to hand|Untapper|Untapper artifact|Untapper creature
Thassa's Oracle,Alternate win condition|Card advantage|Impulse|Impulse to top|Impulse to zone|Library manipulation|Library size matters|Namesake spell|Peek|Peek library|Scry like|Synergy blue|Synergy mill|Top deck manipulation|Triggered ability
The Aetherspark,Card advantage|Draw|Mana producer|Mana rock|Prevent attack|Pure draw|Ramp|Repeatable draw|Triggered ability
The Autonomous Furnace,Card advantage|Cycle|Cycle land|Cycle mono land|Cycle one colored sphere|Draw|Pure draw|Sacrifice self
The Darkness Crystal,Cost reducer|Cycle|Cycle fin crystal|Hate|Hate graveyard|Lifegain|Mana sink|Reanimate|Reanimate creature|Reanimate from opponent|Recursion|Recursion creature|Synergy black|Theft|Theft creature
The Death of Gwen Stacy,Cycle|Cycle spm saga|Discard|Discard outlet|Hate|Hate graveyard|Life payment|Namesake spell|Opponent loses life|Punisher|Removal|Removal creature|Removal destroy|Spot removal|Sweeper graveyard|Triggered ability
The Dross Pits,Card advantage|Cycle|Cycle land|Cycle mono land|Cycle one colored sphere|Draw|Pure draw|Sacrifice self
The Endstone,Card advantage|Cast trigger|Cast trigger you|Draw|Landfall|Lands matter|Pure draw|Repeatable draw|Triggered ability
The Eternity Elevator,Counters matter|Mana producer|Mana rock|Power matters|Ramp|Tap fuel creature|Tap outlet
The Fair Basilica,Card advantage|Cycle|Cycle land|Cycle mono land|Cycle one colored sphere|Draw|Pure draw|Sacrifice self
The Fire Crystal,Copy|Copy creature|Cost reducer|Cycle|Cycle fin crystal|Delayed triggered ability|Gives haste|Mana sink|Synergy red|Triggered ability
The Grey Havens,Library manipulation|Peek|Peek library|Synergy legendary|Top deck manipulation|Triggered ability
The Haunt of Hightower,Attack trigger|Discard|Discard matters|Evasion|Lifegain|Opponent discard matters|Synergy attacker self|Synergy mill|Triggered ability
The Irencrag,Creaturefall|Indefinite effect|Mana producer|Mana rock|Ramp|Synergy legendary|Triggered ability
The Meathook Massacre,Blood artist ability|Death trigger|Drain life|Group slug|Inverted effects|Leaves battlefield trigger|Lifegain|Opponent loses life|Removal|Removal creature|Removal toughness|Sweeper|Triggered ability
The One Ring,Burst draw|Card advantage|Damage prevention|Damage prevention you|Draw|Fog|Fog selective|Gives evasion|Gives protection|Life for cards|Life payment|Pure draw|Repeatable draw|Triggered ability
The Reaver Cleaver,Combat ramp|Gives trample|Ramp|Repeatable artifact tokens|Repeatable noncreature tokens|Repeatable token generator|Repeatable treasures|Triggered ability
The Red Terror,Synergy red|Triggered ability
The Rollercrusher Ride,Burn|Burn creature|Card types in graveyard matter|Cards in graveyard matter|Damage multiplier|Multi removal|Multiple targets|Removal|Removal burn|Removal creature|Spot removal|Synergy burn|Triggered ability
The Scarab God,Card advantage|Copy|Copy creature|Cycle|Cycle hou god|Death trigger|Death trigger self|Delayed triggered ability|Graveyard fuel|Graveyard fuel creature|Group slug|Hate|Hate graveyard|Leaves battlefield trigger|Library manipulation|Mana sink|Opponent loses life|Peek|Peek library|Recursion|Recursion self|Regrowth self|Repeatable creature tokens|Repeatable crime|Repeatable token generator|Top deck manipulation|Triggered ability|Typal creature|Typal zombie
The Soul Stone,Indefinite effect|Mana producer|Mana rock|Ramp|Reanimate|Reanimate creature|Recursion|Recursion creature|Triggered ability
The Underworld Cookbook,Card advantage|Discard outlet|Egg|Lifegain|Recursion|Recursion creature|Regrowth creature|Repeatable artifact tokens|Repeatable food|Repeatable noncreature tokens|Repeatable token generator|Sacrifice self|Tutored by name
Thermo-Alchemist,Burn|Burn player|Cast trigger|Cast trigger you|Group slug|Pinger|Synergy instant|Synergy sorcery|Triggered ability
Thespian's Stage,Copy|Copy land|Repeatable crime
Thief of Blood,Counter removal|Counters matter|Evasion
Thief of Sanity,Curiosity like|Day zero errata|Evasion|Gives castable from exile|Gives castable from nonhand|Mill|Mill exile|Mill opponent|Theft|Theft cast|Triggered ability
Thieving Amalgam,Death trigger|Drain life|Group slug|Inverted effects|Leaves battlefield trigger|Lifegain|Opponent loses life|Synergy theft|Theft|Triggered ability
Thirst for Discovery,Burst draw|Card advantage|Cares about basic land|Compulsive research|Discard outlet|Discarded type matters|Draw|Hand neutral|Hand positive|Loot
Thirst for Knowledge,Burst draw|Card advantage|Compulsive research|Discard outlet|Discarded type matters|Draw|Hand neutral|Hand positive|Loot|Synergy artifact
Thirsting Bloodlord,Anthem|Cycle|Cycle m20 precon u|Power boost to all|Typal creature|Typal vampire
Thought Courier,Card advantage|Discard outlet|Draw|Loot
Thought Vessel,Hand size increase|Mana producer|Mana rock|Ramp
Thoughtseize,Discard|Life payment|Peek|Peek hand|Single target instant/sorcery|Thoughtseize
Thran Dynamo,Mana producer|Mana rock|Ramp
Thran Turbine,Mana producer|Mana rock|Non mana ability mana|Ramp|Triggered ability|Usg storyline in cards
Three Steps Ahead,Card advantage|Catalog|Copy|Copy artifact|Copy creature|Counterspell|Counterspell with set mechanic|Discard outlet|Draw|Hand neutral|Loot|Multiple targets|Single target instant/sorcery
Three Tree City,Creature count matters|Ramp|Typal choose|Typal creature
Three Tree Mascot,Cda subtype|Changeling|Characteristic defining ability|Mana filter
Threefold Thunderhulk,Attack trigger|Exponential|Mana sink|Multiple bodies|Power matters|Power matters self|Repeatable creature tokens|Repeatable token generator|Sacrifice outlet|Sacrifice outlet artifact|Synergy artifact|Synergy attacker self|Triggered ability
Thrill of Possibility,Card advantage|Discard outlet|Draw|Hand neutral
Thriving Bluff,Color choose land|Cycle|Cycle dual land|Cycle jmp thriving land|Cycle land|Dual land
Thriving Heath,Color choose land|Cycle|Cycle dual land|Cycle jmp thriving land|Cycle land|Dual land
Thriving Moor,Color choose land|Cycle|Cycle dual land|Cycle jmp thriving land|Cycle land|Dual land
Throne of Eldraine,Card advantage|Draw|Mana producer|Mana rock|Pure draw|Ramp|Repeatable draw|Synergy color choose|Synergy monocolor
Throne of the God-Pharaoh,Creature count matters|Group slug|Namesake spell|Opponent loses life|Synergy tapped|Triggered ability
Thunder Magic,Burn|Burn creature|Removal|Removal burn|Removal creature|Single target instant/sorcery|Spot removal
Thunder of Unity,Card advantage|Creaturefall|Cycle|Cycle tdm saga|Delayed triggered ability|Drain life|Draw|Group slug|Hand positive|Inverted effects|Life for cards|Life payment|Lifegain|Opponent loses life|Pure draw|Thingfall|Triggered ability
Thundering Raiju,Attack trigger|Burn|Burn player|Counters matter|Group slug|Synergy attacker self|Synergy aura|Synergy equipment|Synergy modified|Triggered ability
Thunderous Might,Attack trigger|Cycle|Cycle bng devotion x|Synergy attacker|Synergy red|Triggered ability
Tibalt's Trickery,Card advantage|Consult cast|Counterspell|Free cast another|Gives castable from exile|Gives castable from nonhand|Mill|Mill any|Mill opponent|Mill self|Namesake spell|Single target instant/sorcery
"Tibalt, Rakish Instigator",Cycle|Cycle war u planeswalker|Death trigger|Hate|Hate lifegain|Leaves battlefield trigger|Passive ability|Repeatable creature tokens|Repeatable token generator|Triggered ability
Time Sieve,Cycle|Cycle 2xm r two color|Extra turn|Sacrifice outlet|Sacrifice outlet artifact|Synergy artifact
"Timothar, Baron of Bats",Alt commander|Death trigger|Haven|Leaves battlefield trigger|Protects creature|Repeatable creature tokens|Repeatable token generator|Triggered ability|Typal creature|Typal vampire
Tinybones Joins Up,Creaturefall|Cycle|Cycle otj join up|Discard|Legendfall|Mill|Mill any|Mill opponent|Mill self|Multiple targets|Namesake spell|Opponent loses life|Repeatable crime|Synergy legendary|Thingfall|Triggered ability
Tireless Tribe,Armoring|Discard outlet
Tishana's Tidebinder,Counterspell|Counterspell ability|Hate|Hate artifact|Hate planeswalker|Humble|Namesake spell|Prevent activation|Triggered ability
Titan's Strength,Combat trick|Library manipulation|Peek|Peek library|Single target instant/sorcery|Top deck manipulation
Tithe,Catch up|Single target instant/sorcery|Tutor|Tutor land|Tutor land plains|Tutor to|Tutor to hand
Tithe Drinker,Cast trigger|Cast trigger you|Cycle|Cycle dgm c guild ability|Drain life|French vanilla|Inverted effects|Lifegain|Opponent loses life|Triggered ability
"Tivit, Seller of Secrets",Alt commander|Card advantage|Combat ramp|Curiosity|Curiosity like|Cycle|Cycle ncc alt commander|Draw|Evasion|Group slug|Pure draw|Ramp|Repeatable artifact tokens|Repeatable clues|Repeatable draw|Repeatable noncreature tokens|Repeatable token generator|Repeatable treasures|Rhystic|Synergy vote|Triggered ability|Voting
Tocasia's Welcome,Card advantage|Creaturefall|Draw|Namesake spell|Pure draw|Repeatable draw|Thingfall|Triggered ability
Tolarian Winds,Card advantage|Discard outlet|Draw|Hand negative|Usg storyline in cards|Wheel
"Toralf, God of Fury",Bounce self|Burn|Burn any|Burn battle|Burn creature|Burn planeswalker|Burn player|Cycle|Cycle khm m god|Gives tap ability|Mana sink|Namesake spell|Removal|Removal burn|Removal creature|Removal planeswalker|Repeatable removal|Synergy burn|Synergy legendary|Tap fuel creature|Tap outlet|Triggered ability
"Torbran, Thane of Red Fell",Cycle|Cycle eld court leader|Damage increaser|Synergy red
Tormenting Voice,Card advantage|Discard outlet|Draw|Hand neutral
Tormentor's Helm,Burn|Burn player|Hate|Hate blocker|Triggered ability
Tormod's Crypt,Egg|Hate|Hate graveyard|Manaless value|Namesake spell|Sacrifice self|Sweeper graveyard
Torpor Orb,Prevent trigger
Tortured Existence,Card advantage|Discard outlet|Discard outlet creature|Recursion|Recursion creature|Regrowth creature
Toxic Deluge,Life payment|Removal|Removal creature|Removal toughness|Sweeper
"Toxrill, the Corrosive",Card advantage|Death trigger|Draw|Group slug|Leaves battlefield trigger|Offcolor ability|Plunder|Removal|Removal creature|Removal toughness|Repeatable creature tokens|Repeatable draw|Repeatable removal|Repeatable token generator|Sacrifice outlet|Sacrifice outlet creature|Sweeper|Triggered ability|Typal creature|Typal slug
Training Grounds,Cost reducer|Cost reducer activated ability|Synergy activated ability
Tramway Station,Card advantage|Cycle|Cycle dual land|Cycle land|Cycle snc c tapland|Draw|Dual land|Hand neutral|Pure draw|Sacrifice self
Transmogrant's Crown,Card advantage|Death trigger|Draw|Leaves battlefield trigger|Pure draw|Repeatable draw|Triggered ability
Transmutation Font,Card advantage|Discard outlet|Draw|Lifegain|Pure draw|Repeatable artifact tokens|Repeatable blood|Repeatable clues|Repeatable draw|Repeatable food|Repeatable noncreature tokens|Repeatable token generator|Sacrifice outlet|Sacrifice outlet artifact|Sacrifice outlet token|Synergy artifact|Synergy token|Tutor|Tutor artifact|Tutor to|Tutor to battlefield
Treacherous Greed,Burst draw|Card advantage|Cycle|Cycle mkm r 2c noncreature|Drain life|Draw|Group slug|Hand positive|Inverted effects|Lifegain|Opponent loses life|Plunder|Sacrifice outlet|Sacrifice outlet creature
Treasonous Ogre,Attack trigger|Life payment|Ramp|Synergy attacker self|Triggered ability
Treasure Vault,Egg|Mana filter|Mana sink|Mana storage|Ramp|Sacrifice self
Tree of Perdition,Indefinite effect|Toughness matters|Toughness matters self
Tribal Flames,Burn|Burn any|Burn battle|Burn creature|Burn planeswalker|Burn player|Cycle|Cycle inv domain spell|Removal|Removal burn|Removal creature|Removal planeswalker|Single target instant/sorcery
Trinisphere,Cost increaser
Troll of Khazad-dûm,Cycle|Cycle ltr landcycler|Evasion|Super menace|Tutor|Tutor land|Tutor land swamp|Tutor to|Tutor to hand
Trouble in Pairs,Attack trigger|Card advantage|Cast trigger|Cast trigger other|Draw|Draw hate|Hate|Hate attacker|Prevent extra turns|Pure draw|Repeatable draw|Triggered ability
Tundra,Cycle|Cycle abu dual land|Cycle dual land|Cycle land|Dual land|Nonbasic basic land type
Tunneling Geopede,Burn|Burn player|Group slug|Landfall|Lands matter|Triggered ability
Turn Inside Out,Combat trick|Death trigger|Delayed triggered ability|Leaves battlefield trigger|Mill|Mill self|Single target instant/sorcery|Triggered ability
Twilight Prophet,Card advantage|Cycle|Cycle rix m monocolor|Drain life|Evasion|Group slug|Inverted effects|Lifegain|Mana value matters|Opponent loses life|Triggered ability
Twin Bolt,Burn|Burn any|Burn battle|Burn creature|Burn planeswalker|Burn player|Multi removal|Multiple targets|Removal|Removal burn|Removal creature|Removal planeswalker|Single target instant/sorcery
Twinferno,Cast trigger|Cast trigger you|Combat trick|Copy|Copy instant|Copy sorcery|Delayed triggered ability|Single target instant/sorcery|Triggered ability
Twinflame Tyrant,Damage multiplier|Evasion
Tyrant's Scorn,Bounce|Cycle|Cycle war u two color spell|Removal|Removal bounce|Removal creature|Removal destroy|Single target instant/sorcery|Spot removal
Tyrite Sanctum,Gives indestructible|Indefinite effect|Indestructible counter|Keyword counter|Protects creature|Repeatable crime|Sacrifice self|Synergy legendary|Typal creature|Typal god
Ultimate Magic: Holy,Castable from exile|Castable from nonhand|Combat trick|Damage prevention|Damage prevention player|Exile self|Fog|Fog selective|Gives indestructible|Protects artifact|Protects creature|Protects enchantment|Protects land|Protects permanent|Protects planeswalker|Synergy exile cast|Unexile
Unbreakable Formation,Combat trick|Gives indestructible|Gives pp counters to all|Power boost to all|Protects creature
Uncharted Haven,Color choose land
Uncivil Unrest,Counters matter|Damage multiplier|Gives haste
Unclaimed Territory,Typal choose|Typal creature
Undead Warchief,Anthem|Cost reducer|Cycle|Cycle scg warchief|Power boost to all|Typal creature|Typal zombie
Undercity Sewers,Cycle|Cycle dual land|Cycle dual surveil land|Cycle land|Dual land|Library manipulation|Mill|Mill self|Nonbasic basic land type|Peek|Peek library|Surveil|Top deck manipulation|Triggered ability
Undercity's Embrace,Lifegain|Power matters|Removal|Removal creature|Removal sacrifice|Single target instant/sorcery|Spot removal
Underground River,Cycle|Cycle dual land|Cycle ice painland|Cycle land|Cycle painland|Dual land|Life payment|Mana ability with extra effect
Underground Sea,Cycle|Cycle abu dual land|Cycle dual land|Cycle land|Dual land|Nonbasic basic land type
Undertaker,Card advantage|Cycle|Cycle mmq c spellshaper|Discard outlet|Recursion|Recursion creature|Regrowth creature
Underworld Breach,Gives castable from graveyard|Gives castable from nonhand|Graveyard fuel|Reanimate|Reanimate cast|Reanimate nonland|Recursion|Triggered ability
Underworld Connections,Card advantage|Cycle|Cycle rtr land aura|Draw|Life for cards|Life payment|Pure draw|Repeatable draw
Unexpected Windfall,Card advantage|Discard outlet|Draw|Hand neutral|Pillage effect|Ramp
Unfulfilled Desires,Card advantage|Discard outlet|Draw|Hand negative|Life for cards|Life payment|Loot
Unholy Grotto,Cycle|Cycle colorless land|Cycle land|Cycle ons typal land|Library manipulation|Recursion|Recursion creature|Restock creature|Restock to top|Top deck manipulation|Typal creature|Typal zombie
Unholy Officiant,Mana sink
Unleash Fury,Power doubler|Power matters|Single target instant/sorcery
Unruly Catapult,Burn|Burn player|Cast trigger|Cast trigger you|Group slug|Pinger|Synergy instant|Synergy sorcery|Triggered ability
Unstable Amulet,Burn|Burn player|Card advantage|Cast trigger|Cast trigger you|Counter fuel energy|Counters matter|Gives castable from exile|Gives castable from nonhand|Group slug|Impulsive draw|Pinger|Repeatable impulsive draw|Synergy exile cast|Synergy graveyard cast|Synergy library cast|Synergy nonhand cast|Triggered ability
Unstoppable Slasher,Cheat death self|Counters matter|Death trigger|Death trigger self|Leaves battlefield trigger|Life divider|Quietus effect|Triggered ability
Untimely Malfunction,Change target|Multiple targets|Prevent blocker|Removal|Removal artifact|Removal destroy|Single target instant/sorcery|Spot removal
Urabrask,Burn|Burn creature|Burn player|Cast trigger|Cast trigger you|Cycle|Cycle mom praetor|Exile self|Exile self dfc transform|Gives castable from graveyard|Gives castable from nonhand|Mana producer|Non mana ability mana|Ramp|Recursion|Removal|Removal burn|Removal creature|Repeatable crime|Repeatable removal|Sweeper|Sweeper one sided|Synergy instant|Synergy sorcery|Theft|Theft cast|Triggered ability
Urborg,Cycle|Cycle land|Cycle leg legendary land|Cycle mono land|Hate|Hate first strike|Hate landwalk|Removes first strike|Removes landwalk|Repeatable crime
"Urborg, Tomb of Yawgmoth",Mana fix|Namesake spell
Urge to Feed,Removal|Removal creature|Removal toughness|Single target instant/sorcery|Spot removal|Tap fuel creature|Tap outlet|Typal creature|Typal vampire
Urza's Bauble,Card advantage|Delayed triggered ability|Draw|Egg|Hand neutral|Manaless value|Namesake spell|Pure draw|Sacrifice self|Triggered ability
Urza's Cave,Fetchland|Namesake spell|Sacrifice self|Tutor|Tutor land|Tutor land any|Tutor land to battlefield|Tutor to|Tutor to battlefield
Urza's Incubator,Cost reducer|Cost reducer creature|Namesake spell|Typal choose|Typal creature
Urza's Mine,Namesake spell|Ramp|Self replacement effect
Urza's Power Plant,Namesake spell|Ramp|Self replacement effect
Urza's Saga,Indefinite effect|Karnstructs|Namesake spell|Synergy artifact|Triggered ability|Tutor|Tutor artifact|Tutor to|Tutor to battlefield
Urza's Tower,Namesake spell|Ramp|Self replacement effect
Utter End,Cycle|Cycle ktk r two color|Removal|Removal artifact|Removal aura|Removal battle|Removal creature|Removal enchantment|Removal equipment|Removal exile|Removal nonland|Removal planeswalker|Removal spacecraft|Removal vehicle|Single target instant/sorcery|Spot removal
"Vadmir, New Blood",Counters matter|Evasion|Gains lifelink|Lifegain|Synergy crime|Triggered ability
Valakut Awakening,Card advantage|Cycle|Cycle land|Cycle mono land|Cycle znr r mdfc|Draw|Hand neutral|Library manipulation|Tuck outlet|Wheel|Wheel one sided
Valakut Exploration,Burn|Burn player|Card advantage|Gives castable from exile|Gives castable from nonhand|Group slug|Impulsive draw|Landfall|Lands matter|Mill|Mill self|Repeatable impulsive draw|Triggered ability|Unexile
"Valakut, the Molten Pinnacle",Burn|Burn any|Burn battle|Burn creature|Burn planeswalker|Burn player|Cycle|Cycle land|Cycle mono land|Cycle zen namedland|Landfall|Lands matter|Mountainfall|Removal|Removal burn|Removal creature|Removal planeswalker|Repeatable crime|Repeatable removal|Synergy mountain|Triggered ability
"Valgavoth, Terror Eater",Evasion|Gives castable from exile|Gives castable from nonhand|Hate|Hate graveyard|Life payment|Lifegain|Theft|Theft cast|Triggered ability
Valkyrie Harbinger,Evasion|Lifegain|Lifegain matters|Repeatable creature tokens|Repeatable token generator|Triggered ability
Valorous Stance,Combat trick|Cycle|Cycle frf modal spell|Gives indestructible|Hate|Hate high pt|Protects creature|Removal|Removal creature|Removal destroy|Single target instant/sorcery|Spot removal|Toughness matters
Vampire Cutthroat,Evasion|French vanilla|Lifegain
Vampire Gourmand,Attack trigger|Card advantage|Draw|Evasion|Plunder|Repeatable draw|Sacrifice outlet|Sacrifice outlet creature|Synergy attacker self|Triggered ability|Unblockable
Vampire Hexmage,Counter removal|Removal|Removal planeswalker|Sacrifice self
Vampire Nighthawk,Evasion|French vanilla|Lifegain
Vampire Nocturnus,Anthem|Evasion|Power boost to all|Synergy black|Typal creature|Typal vampire
Vampire Scrivener,Evasion|Life loss matters|Lifegain matters|Pridemate|Triggered ability
Vampire Socialite,Cycle|Cycle mid draft signpost|Draft signpost|Evasion|Life loss matters|Triggered ability|Typal creature|Typal vampire
Vampire Soulcaller,Card advantage|Evasion|Recursion|Recursion creature|Regrowth creature|Triggered ability
Vampire of the Dire Moon,French vanilla|Lifegain
Vampire's Kiss,Card advantage|Discard outlet|Drain life|Draw|Inverted effects|Lifegain|Opponent loses life|Single target instant/sorcery
Vampires' Vengeance,Burn|Burn creature|Card advantage|Discard outlet|Draw|Hand negative|Removal|Removal burn|Removal creature|Sweeper|Typal creature|Typal vampire
Vampiric Fury,Combat trick|Power boost to all|Typal creature|Typal vampire
Vampiric Rites,Card advantage|Draw|Lifegain|Plunder|Repeatable draw|Sacrifice outlet|Sacrifice outlet creature
Vampiric Tutor,Cycle|Cycle 1mv tutor|Cycle ema tutor|Library manipulation|Life payment|Top deck manipulation|Tutor|Tutor card|Tutor to|Tutor to top
Vandalblast,Removal|Removal artifact|Removal destroy|Single target instant/sorcery|Spot removal|Sweeper|Sweeper one sided
Vanguard of the Rose,Gains indestructible|Neo regenerate|Sacrifice outlet|Sacrifice outlet artifact|Sacrifice outlet creature
Vanishing Verse,Hate|Hate color|Hate monocolor|Removal|Removal artifact|Removal aura|Removal battle|Removal creature|Removal enchantment|Removal equipment|Removal exile|Removal nonland|Removal planeswalker|Removal spacecraft|Removal vehicle|Single target instant/sorcery|Spot removal
Vanquish the Horde,Creature count matters|Discount self|Hate|Hate wide|Multiplayer|Removal|Removal creature|Removal destroy|Sweeper
Vanquisher's Banner,Anthem|Card advantage|Cast trigger|Cast trigger you|Draw|Power boost to all|Pure draw|Triggered ability|Typal choose|Typal creature
"Varina, Lich Queen",Alt commander|Attack trigger|Card advantage|Cycle|Cycle c18 alt commander|Discard outlet|Draw|Graveyard fuel|Lifegain|Loot|Mana sink|Repeatable creature tokens|Repeatable token generator|Synergy attacker|Triggered ability|Typal creature|Typal zombie
Vault of Champions,Cycle|Cycle bondland|Cycle cmr bond land|Cycle dual land|Cycle land|Dual land|Multiplayer
Vault of Whispers,Cycle|Cycle land|Cycle mono land|Cycle mrd artifact land
Vault of the Archangel,Cycle|Cycle colorless land|Cycle isd enemy utilityland|Cycle land|Gives lifelink|Lifegain|Mana sink
Vein Ripper,Blood artist ability|Death trigger|Drain life|Evasion|Inverted effects|Leaves battlefield trigger|Lifegain|Opponent loses life|Removal|Removal creature|Removal sacrifice|Repeatable crime|Spot removal|Triggered ability
Veinwitch Coven,Card advantage|Evasion|Lifegain matters|Recursion|Recursion creature|Regrowth creature|Triggered ability
Vengeful Bloodwitch,Blood artist ability|Death trigger|Drain life|Inverted effects|Leaves battlefield trigger|Lifegain|Opponent loses life|Repeatable crime|Triggered ability
Vengeful Tracker,Burn|Burn player|Hate|Hate artifact|Hate sacrifice|Hate set mechanic|Hatebear|Triggered ability
Verdant Catacombs,Cycle|Cycle land|Cycle nonmana land|Cycle zen fetchland|Fetchland|Life payment|Manaless land|Sacrifice self|Tutor|Tutor land|Tutor land forest|Tutor land swamp|Tutor land to battlefield|Tutor to|Tutor to battlefield
Vermin Gorger,Drain life|Group slug|Inverted effects|Lifegain|Opponent loses life|Sacrifice outlet|Sacrifice outlet creature
Vessel of Volatility,Cycle|Cycle soi vessel|Ramp|Sacrifice self
Vesuva,Copy|Copy land|Manaless land
Vexing Bauble,Card advantage|Cast trigger|Counterspell|Counterspell automatic|Draw|Egg|Hand neutral|Hate|Hate free spell|Pure draw|Sacrifice self|Triggered ability
Viashino Heretic,Aikido|Burn|Burn player|Removal|Removal artifact|Removal destroy|Repeatable removal|Spot removal
Viashino Pyromancer,Burn|Burn planeswalker|Burn player|Removal|Removal burn|Removal planeswalker|Triggered ability
Vicious Conquistador,Attack trigger|Group slug|Opponent loses life|Synergy attacker self|Triggered ability
Victim of Night,Doomblade|Removal|Removal creature|Removal destroy|Single target instant/sorcery|Spot removal
Victimize,Multiple targets|Reanimate|Reanimate creature|Recursion|Recursion creature|Sacrifice outlet|Sacrifice outlet creature|Usg storyline in cards
"Vilis, Broker of Blood",Card advantage|Cycle|Cycle m20 iconic legend|Draw|Evasion|Life for cards|Life loss matters|Life payment|Pure draw|Removal|Removal creature|Removal toughness|Repeatable draw|Repeatable removal|Spot removal|Triggered ability
Village Rites,Card advantage|Draw|Hand positive|Plunder|Sacrifice outlet|Sacrifice outlet creature
Vindicate,Cycle|Cycle a25 r two color|Cycle apc r two color|Cycle ema r two color|Removal|Removal artifact|Removal aura|Removal battle|Removal creature|Removal destroy|Removal enchantment|Removal equipment|Removal land|Removal permanent|Removal planeswalker|Removal spacecraft|Removal vehicle|Single target instant/sorcery|Spot removal
Vindictive Flamestoker,Burst draw|Card advantage|Cast trigger|Cast trigger you|Counters matter|Draw|Miniwheel|Sacrifice self|Synergy noncreature|Triggered ability|Wheel
Vindictive Vampire,Blood artist ability|Death trigger|Drain life|Group slug|Inverted effects|Leaves battlefield trigger|Lifegain|Opponent loses life|Triggered ability
Virtue of Courage,Burn|Burn any|Burn battle|Burn creature|Burn planeswalker|Burn player|Card advantage|Castable from exile|Castable from nonhand|Cycle|Cycle woe virtue|Exile self|Gives castable from exile|Gives castable from nonhand|Impulsive draw|Removal|Removal burn|Removal creature|Removal planeswalker|Repeatable impulsive draw|Single target instant/sorcery|Synergy burn|Triggered ability|Unexile
Virtue of Persistence,Castable from exile|Castable from nonhand|Cycle|Cycle woe virtue|Exile self|Lifegain|Reanimate|Reanimate creature|Reanimate from any|Reanimate from opponent|Recursion|Recursion creature|Removal|Removal creature|Removal toughness|Single target instant/sorcery|Spot removal|Theft|Triggered ability|Unexile
Viscera Seer,Free sacrifice outlet|Library manipulation|Peek|Peek library|Sacrifice outlet|Sacrifice outlet creature|Top deck manipulation
"Vish Kal, Blood Arbiter",Counter fuel pp|Counters matter|Cycle|Cycle 2xm r two color|Cycle cmd enemy legend|Evasion|Free sacrifice outlet|Lifegain|Power matters|Removal|Removal creature|Removal toughness|Repeatable crime|Repeatable removal|Sacrifice outlet|Sacrifice outlet creature|Spot removal
Visions of Phyrexia,Card advantage|Gives castable from exile|Gives castable from nonhand|Impulsive draw|Mana producer|Mana rock|Ramp|Repeatable artifact tokens|Repeatable impulsive draw|Repeatable noncreature tokens|Repeatable token generator|Triggered ability
Vithian Stinger,Burn|Burn any|Burn battle|Burn creature|Burn planeswalker|Burn player|Burn with set's mechanic|Delayed triggered ability|Exile self|Gains haste|Pinger|Reanimate|Reanimate self|Recursion|Recursion self|Removal|Removal burn|Removal creature|Removal planeswalker|Repeatable crime|Repeatable removal|Temporary reanimation|Triggered ability
"Vito, Fanatic of Aclazotz",Evasion|Group slug|Lifegain|Namesake spell|Opponent loses life|Repeatable creature tokens|Repeatable token generator|Synergy sacrifice|Triggered ability
"Vito, Thorn of the Dusk Rose",Gives lifelink|Lifegain|Lifegain matters|Lifegain to damage|Opponent loses life|Repeatable crime|Triggered ability
"Vohar, Vodalian Desecrator",Card advantage|Cycle|Cycle dmu draft signpost|Cycle dmu mn signpost|Discard outlet|Discarded type matters|Draft signpost|Drain life|Draw|Gives castable from graveyard|Gives castable from nonhand|Group slug|Hand neutral|Inverted effects|Lifegain|Loot|Opponent loses life|Recursion|Sacrifice self|Synergy instant|Synergy sorcery
Voice of Victory,Attack trigger|Delayed triggered ability|Hate|Hate flash|Hatebear|Prevent cast|Repeatable creature tokens|Repeatable token generator|Silence|Synergy attacker self|Triggered ability
Void Rend,Cycle|Cycle snc r shard removal|Hate|Hate counterspell|Removal|Removal artifact|Removal aura|Removal battle|Removal creature|Removal destroy|Removal enchantment|Removal equipment|Removal nonland|Removal planeswalker|Removal spacecraft|Removal vehicle|Single target instant/sorcery|Spot removal
Void Winnower,Evasion|Even/odd matters|Prevent blocker|Prevent cast|Prevent mass blockers|Unique evasion|Unique p/t
Volatile Fault,Hate|Hate nonbasic land|Mana filter|Removal|Removal destroy|Removal land|Sacrifice self|Spot removal
Volcanic Fallout,Burn|Burn creature|Burn player|Burn player each|Group slug|Hate|Hate counterspell|Removal|Removal burn|Removal creature|Sweeper
Volcanic Spray,Burn|Burn creature|Burn player|Burn player each|Castable from graveyard|Castable from nonhand|Exile self|Group slug|Removal|Removal burn|Removal creature|Sweeper
Volcanic Strength,Gives evasion
Voldaren Ambusher,Burn|Burn creature|Burn planeswalker|Burn with set's mechanic|Life loss matters|Removal|Removal burn|Removal creature|Removal planeswalker|Spot removal|Triggered ability|Typal creature|Typal vampire
Voldaren Bloodcaster,Card advantage|Death trigger|Discard outlet|Draw|Evasion|Gives evasion|Gives flying|Gives haste|Leaves battlefield trigger|Repeatable artifact tokens|Repeatable blood|Repeatable noncreature tokens|Repeatable token generator|Synergy blood|Triggered ability
Voldaren Duelist,Prevent blocker|Triggered ability
Voldaren Epicure,Burn|Burn player|Burn with set's mechanic|Card advantage|Discard outlet|Draw|Group slug|Triggered ability
Voldaren Estate,Card advantage|Discard outlet|Draw|Life payment|Repeatable artifact tokens|Repeatable blood|Repeatable noncreature tokens|Repeatable token generator|Typal creature|Typal vampire
Voldaren Pariah,Castable from exile|Castable from nonhand|Delayed triggered ability|Evasion|Exile self|Free sacrifice outlet|Removal|Removal creature|Removal sacrifice|Sacrifice outlet|Sacrifice outlet creature|Spot removal|Triggered ability|Unexile
Voldaren Thrillseeker,Burn|Burn any|Burn battle|Burn creature|Burn planeswalker|Burn player|Fling|Fling self|Multi removal|Power matters|Power matters self|Removal|Removal burn|Removal creature|Removal planeswalker|Sacrifice outlet|Sacrifice outlet creature|Sacrifice self|Triggered ability
"Vona, Butcher of Magan",Cycle|Cycle xln m legend|Life payment|Lifegain|Removal|Removal artifact|Removal aura|Removal battle|Removal creature|Removal destroy|Removal enchantment|Removal equipment|Removal nonland|Removal planeswalker|Removal spacecraft|Removal vehicle|Repeatable crime|Repeatable removal|Spot removal
Voracious Greatshark,Counterspell|Counterspell artifact|Counterspell creature|Triggered ability
Vorpal Sword,Alternate win condition|Triggered ability
Vow of Lightning,Cycle|Cycle cmd vow|Cycle cmr vow|Multiplayer|Prevent attack|Removal|Removal creature|Synergy planeswalker
"Vraan, Executioner Thane",Blood artist ability|Death trigger|Drain life|Group slug|Inverted effects|Leaves battlefield trigger|Lifegain|Opponent loses life|Triggered ability
Vulshok Sorcerer,Burn|Burn any|Burn battle|Burn creature|Burn planeswalker|Burn player|Pinger|Removal|Removal burn|Removal creature|Removal planeswalker|Repeatable crime|Repeatable removal
Wandering Archaic,Card advantage|Cast tax|Cast trigger|Cast trigger other|Copy|Copy instant|Copy sorcery|Group hug|Hate|Hate instant|Hate sorcery|Impulse|Impulse instant|Impulse land|Impulse sorcery|Lifegain|Opponent lifegain|Rhystic|Triggered ability
War Elemental,Triggered ability
War Room,Card advantage|Commander identity matters|Commander matters|Draw|Life for cards|Life payment|Mana sink|Pure draw|Repeatable draw|Synergy commander
Warleader's Call,Anthem|Burn|Burn player|Creaturefall|Cycle|Cycle mkm r 2c noncreature|Group slug|Namesake spell|Power boost to all|Thingfall|Triggered ability
Warlord's Fury,Cantrip|Card advantage|Draw|Hand neutral|Pure draw
Warmonger,Burn|Burn creature|Burn player|Burn player each|Cycle|Cycle mmq monger|Group slug|Removal|Removal burn|Removal creature|Repeatable removal|Sweeper
Warren Soultrader,Life payment|Mana dork|Mana producer|Ramp|Repeatable artifact tokens|Repeatable noncreature tokens|Repeatable token generator|Repeatable treasures|Sacrifice outlet|Sacrifice outlet creature
Warrior's Oath,Alternate loss condition|Delayed triggered ability|Extra turn|Last chance|Triggered ability
Wasteland,Hate|Hate nonbasic land|Removal|Removal destroy|Removal land|Sacrifice self|Spot removal
Waterlogged Teachings,Cycle|Cycle dual land|Cycle land|Cycle mh3 draft signpost|Cycle mh3 mdfc dual land|Draft signpost|Dual land|Synergy flash|Tutor|Tutor flash|Tutor instant|Tutor to|Tutor to hand
Watery Grave,Cycle|Cycle dual land|Cycle land|Cycle rav shockland|Dual land|Life payment|Nonbasic basic land type|Shockland
Wayfarer's Bauble,Egg|Ramp|Sacrifice self|Tutor|Tutor land|Tutor land basic|Tutor land to battlefield|Tutor to|Tutor to battlefield
Wayward Servant,Cycle|Cycle akh draft signpost|Draft signpost|Drain life|Group slug|Inverted effects|Lifegain|Opponent loses life|Triggered ability|Typal creature|Typal zombie
We Ride at Dawn,Attack trigger|Cost reducer|Repeatable creature tokens|Repeatable token generator|Synergy attacker|Synergy color share|Synergy commander|Synergy legendary|Tap fuel creature|Tap outlet|Triggered ability
Weapon Surge,Combat trick|Cycle|Cycle dgm c guild ability|Power boost to all|Single target instant/sorcery
Weathered Runestone,Hate|Hate flashback|Hate graveyard|Hate tutor
Web of Inertia,Hate|Hate graveyard|Hate set mechanic|Pillowfort|Prevent attack|Tax attack|Triggered ability
Wedding Announcement,Anthem|Card advantage|Draw|Power boost to all|Pure draw|Repeatable creature tokens|Repeatable draw|Repeatable token generator|Synergy attacker|Triggered ability
Wedding Security,Attack trigger|Card advantage|Draw|Pure draw|Repeatable draw|Synergy attacker self|Synergy blood|Triggered ability
Weftstalker Ardent,Artifactfall|Burn|Burn player|Castable from exile|Castable from nonhand|Creaturefall|Delayed triggered ability|Exile self|Synergy artifact|Triggered ability|Unexile
Welcoming Vampire,Card advantage|Creaturefall|Draw|Evasion|Power matters|Pure draw|Repeatable draw|Thingfall|Triggered ability
Well of Lost Dreams,Burst draw|Card advantage|Draw|Lifegain matters|Mana sink|Pure draw|Repeatable draw|Triggered ability
Westgate Regent,Evasion|Exponential|Slith ability|Triggered ability
Westvale Abbey,Animate|Animate self|Evasion|Life payment|Lifegain|Mana sink|Repeatable creature tokens|Repeatable token generator|Sacrifice outlet|Sacrifice outlet creature
Wheel of Fate,Burst draw|Card advantage|Castable from exile|Castable from nonhand|Cycle|Cycle tsp no mana cost suspend|Discard|Discard hand|Discard outlet|Draw|Exile self|Spell with no casting cost|Trigger from exile|Triggered ability|Unexile|Wheel|Wheel symmetrical
Wheel of Fortune,Burst draw|Card advantage|Discard hand|Discard outlet|Draw|Wheel|Wheel symmetrical
Wheel of Misfortune,Burn|Burn player|Burst draw|Card advantage|Draw|Wheel
Whip of Erebos,Cycle|Cycle ths god weapon|Delayed triggered ability|Gives lifelink|Indefinite effect|Lifegain|Namesake spell|Reanimate|Reanimate creature|Recursion|Recursion creature|Temporary reanimation|Triggered ability
Whispersilk Cloak,Evasion|Gives evasion|Gives shroud|Protects creature
Wild Guess,Card advantage|Discard outlet|Draw|Hand neutral
Wild Magic Surge,Card advantage|Consult onto battlefield|Cost ignorer|Removal|Removal artifact|Removal aura|Removal battle|Removal creature|Removal destroy|Removal enchantment|Removal equipment|Removal land|Removal permanent|Removal planeswalker|Removal spacecraft|Removal vehicle|Single target instant/sorcery|Spot removal
Wild Ride,Castable from graveyard|Castable from nonhand|Exile self|Gives haste|Power matters|Single target instant/sorcery|Tap fuel creature|Tap outlet
Wild Slash,Burn|Burn any|Burn battle|Burn creature|Burn planeswalker|Burn player|Burn with set's mechanic|Power matters|Removal|Removal burn|Removal creature|Removal planeswalker|Single target instant/sorcery|Unpreventable damage
Wild Wasteland,Card advantage|Gives castable from exile|Gives castable from nonhand|Impulsive draw|Phase manipulation|Repeatable impulsive draw|Triggered ability
Wild-Field Scarecrow,Sacrifice self|Tutor|Tutor land|Tutor land basic|Tutor to|Tutor to hand
Wildfire Elemental,Cycle|Cycle m20 precon common|Power boost to all|Synergy burn|Triggered ability
Will of the Abzan,Cycle tdc will|Multi removal|Multiple targets|Opponent loses life|Reanimate|Reanimate creature|Recursion|Recursion creature|Removal|Removal creature|Removal sacrifice|Single target instant/sorcery|Spot removal|Synergy commander
Will of the Jeskai,Burst draw|Card advantage|Cycle tdc will|Draw|Gives castable from graveyard|Gives castable from nonhand|Gives flashback|Miniwheel|Recursion|Synergy commander|Synergy instant|Synergy sorcery|Wheel|Wheel symmetrical
Wind-Scarred Crag,Cycle|Cycle dual land|Cycle ktk gainland|Cycle land|Dual land|Lifegain|Triggered ability
Windbrisk Heights,Cycle|Cycle land|Cycle lrw hideaway land|Cycle mono land|Free cast another|Gives castable from exile|Gives castable from nonhand|Synergy attacker|Triggered ability
Windcrag Siege,Cycle|Cycle tdm siege|Gives haste|Gives lifelink|Lifegain|Repeatable creature tokens|Repeatable token generator|Synergy attacker|Trigger doubler|Triggered ability
Windfall,Burst draw|Card advantage|Catch up|Discard outlet|Draw|Wheel|Wheel symmetrical
Winds of Abandon,Removal|Removal creature|Removal exile|Single target instant/sorcery|Spot removal|Sweeper|Sweeper one sided
Winds of Change,Card advantage|Draw|Hand negative|Wheel|Wheel symmetrical
Windswept Heath,Cycle|Cycle land|Cycle nonmana land|Cycle ons fetchland|Fetchland|Life payment|Manaless land|Sacrifice self|Tutor|Tutor land|Tutor land forest|Tutor land plains|Tutor land to battlefield|Tutor to|Tutor to battlefield
Winter Moon,Hate|Hate nonbasic land|Mass land denial
Winternight Stories,Burst draw|Card advantage|Castable from graveyard|Castable from nonhand|Compulsive research|Discard outlet|Discarded type matters|Draw|Exile self|Hand neutral|Hand positive|Loot|Power matters|Repeatable draw|Tap fuel creature|Tap outlet
Wishclaw Talisman,Counter fuel aesthetic|Counters matter|Group hug|Tutor|Tutor card|Tutor to|Tutor to hand
Wispdrinker Vampire,Creaturefall|Cycle|Cycle mkm draft signpost|Draft signpost|Evasion|Gives lifelink|Group slug|Lifegain|Mana sink|Opponent loses life|Power matters|Thingfall|Triggered ability
Witch Enchanter,Cycle|Cycle land|Cycle mh3 mdfc mono land|Cycle mono land|Disenchant/naturalize|Life payment|Removal|Removal artifact|Removal destroy|Removal enchantment|Spot removal|Triggered ability
Witch's Clinic,Gives lifelink|Gives lifelink noncreature|Lifegain|Repeatable crime|Synergy commander
Witch's Mark,Card advantage|Discard outlet|Draw|Group slug|Hand neutral|Opponent loses life|Single target instant/sorcery
Withering Boon,Counterspell|Counterspell creature|Interrupt|Life payment|Single target instant/sorcery
Withering Torment,Life payment|Removal|Removal creature|Removal destroy|Removal enchantment|Single target instant/sorcery|Spot removal
Witty Roastmaster,Burn|Burn player|Group slug|Triggered ability
Wonder,Cycle|Cycle jud incarnation|Evasion|Gives evasion|Gives flying|Static effect in graveyard|Synergy island
Wooded Foothills,Cycle|Cycle land|Cycle nonmana land|Cycle ons fetchland|Fetchland|Life payment|Manaless land|Sacrifice self|Tutor|Tutor land|Tutor land forest|Tutor land mountain|Tutor land to battlefield|Tutor to|Tutor to battlefield
Worldfire,Board reset|Discard to exile|Hate|Hate graveyard|Mass land denial|Removal|Removal artifact|Removal aura|Removal battle|Removal creature|Removal enchantment|Removal equipment|Removal exile|Removal land|Removal permanent|Removal planeswalker|Removal spacecraft|Removal vehicle|Sweeper|Sweeper graveyard
Worn Powerstone,Mana producer|Mana rock|Ramp
Worthy Cost,Removal|Removal creature|Removal exile|Removal planeswalker|Sacrifice outlet|Sacrifice outlet creature|Single target instant/sorcery|Spot removal
Wrath of God,Removal|Removal creature|Removal destroy|Sweeper
Wrenn's Resolve,Card advantage|Gives castable from exile|Gives castable from nonhand|Impulsive draw|Namesake spell
Xorn,Synergy treasure|Token increaser
"Yahenni, Undying Partisan",Cycle|Cycle aer legend|Death trigger|Free sacrifice outlet|Gains indestructible|Leaves battlefield trigger|Sacrifice outlet|Sacrifice outlet creature|Triggered ability
"Yawgmoth, Thran Physician",Card advantage|Cycle|Cycle mh1 monocolor legend|Discard outlet|Draw|Evasion|Hate|Hate typal|Hate typal human|Life for cards|Life payment|Plunder|Removal|Removal creature|Removal toughness|Repeatable crime|Repeatable draw|Repeatable removal|Sacrifice outlet|Sacrifice outlet creature|Spot removal|Typal creature|Unique evasion|Unique protection
Young Pyromancer,Cast trigger|Cast trigger you|Cycle|Cycle young planeswalker|Repeatable creature tokens|Repeatable token generator|Synergy instant|Synergy sorcery|Triggered ability
"Zagras, Thief of Heartbeats",Affinity for creature type|Affinity for party|Cycle|Cycle znr two color legend|Deathtouch to planeswalkers|Discount self|Evasion|Removal|Removal destroy|Removal planeswalker|Repeatable removal|Spot removal|Synergy party|Triggered ability|Typal cleric|Typal creature|Typal rogue|Typal warrior|Typal wizard
"Zariel, Archduke of Avernus",Cycle|Cycle afr planeswalker|Extra combat phase|Gives haste|Power boost to all|Repeatable creature tokens|Repeatable token generator|Triggered ability|Untapper|Untapper creature
Zell Dincht,Bounce|Extra land|Lands matter|Maro sorcerer|Play additional land|Ramp|Rescue land|Triggered ability
Zenith Festival,Card advantage|Castable from graveyard|Castable from nonhand|Exile self|Gives castable from exile|Gives castable from nonhand|Impulsive draw|Power matters|Tap fuel creature|Tap outlet
Zo-Zu the Punisher,Burn|Burn player|Hate|Hate ramp|Landfall|Landfall other|Lands matter|Triggered ability
Zombie Apocalypse,Hate|Hate typal|Hate typal human|Reanimate|Reanimate creature|Recursion|Recursion creature|Removal|Removal creature|Removal destroy|Sweeper|Typal creature|Typal zombie
Zombie Infestation,Discard outlet|Repeatable creature tokens|Repeatable token generator
Zombie Master,Evasion|Gives evasion|Gives swampwalk|Protects creature|Regenerates other|Typal creature|Typal zombie|Type errata lord
Zookeeper Mechan,Mana dork|Mana producer|Mana sink|Ramp
Zoyowa's Justice,Card advantage|Consult cast|Free cast another|Gives castable from exile|Gives castable from nonhand|Hate|Hate theft|Namesake spell|Removal|Removal artifact|Removal creature|Removal tuck|Single target instant/sorcery|Spot removal
"Zurzoth, Chaos Rider",Attack trigger|Card advantage|Death trigger|Discard outlet|Discard outlet random|Draw|Draw hate|Group hug|Hate|Leaves battlefield trigger|Loot|Repeatable creature tokens|Repeatable token generator|Synergy attacker|Triggered ability|Typal creature|Typal devil